benchmark_id,source_id,label,metric_family,reported_value,reported_unit,normalized_usd_per_MW,pct_installed_TIV_default_1_12M_per_MW,pct_physical_replaceable_default_0_8778M_per_MW,source_denominator_or_scope,source_pct_TIV_or_asset_value,basis_confidence,source_status,useful_for,caveats,fire_origin_family
KWH_84PCT_EQUIP_BRUSHFIRE,KWH_SRA_2025_2026_FIRE,Share of PV fire events that are equipment/brush-ignition origin,ALL_CAUSE_PV_FIRE_BLENDED,84%,% of PV fire events,,,,fire events in kWh Analytics' >$150B renewable energy loss database,,low,CONTEXT_NOT_BENCHMARK,scoping the true exogenous-wildfire share as a minority residual,"all-cause PV fire, blends endogenous+exogenous ignition; NOT an exogenous-wildfire benchmark - cannot validate a landscape-wildfire model. This is an ENDOGENOUS-dominant framing; the true exogenous-wildfire residual is implied to be small (~16% of fire events at most).",ALL_CAUSE_PV_FIRE_BLENDED
KWH_4PCT_HIGH_RISK_AREA,KWH_SRA_2025_2026_FIRE,Share of PV fire loss events occurring in high-wildfire-risk areas,ALL_CAUSE_PV_FIRE_BLENDED,4%,% of PV fire loss events,,,,PV fire loss events in kWh Analytics' database,,low,CONTEXT_NOT_BENCHMARK,"closest open proxy for a true exogenous-wildfire-area share, still not an isolated exogenous severity figure","all-cause PV fire, blends endogenous+exogenous ignition; NOT an exogenous-wildfire benchmark - cannot validate a landscape-wildfire model. Geographic risk-area proxy, not a confirmed exogenous ignition-source determination; still does not isolate DIRECT $/MW severity.",ALL_CAUSE_PV_FIRE_BLENDED
KWH_44PCT_INVERTER_CAUSED,KWH_SRA_2025_2026_FIRE,Share of all PV fires caused by inverters,ENDOGENOUS_ASSET_ORIGINATED_FIRE,44%,% of all PV fires caused by inverters,,,,all PV fires in kWh Analytics dataset,,low,CONTEXT_NOT_BENCHMARK,equipment-origin ignition-source context; explicitly out of scope for exogenous wildfire cell,"Third-party paraphrase, not directly quoted from primary PDF. Confirms most PV fire is endogenous/equipment-caused, reinforcing that exogenous wildfire is a minority pathway.",ENDOGENOUS_ASSET_ORIGINATED_FIRE
KWH_0_80PCT_ASSET_VALUE_RANGE,KWH_SRA_2025_2026_FIRE,Per-event fire severity range as % of total asset value,ALL_CAUSE_PV_FIRE_BLENDED,0% to 80%,"% of total asset value, per fire event",,,,"not stated (severity range across sampled events, cause not isolated)",,low,CONTEXT_NOT_BENCHMARK,illustrating severity dispersion only; not usable as an exogenous-wildfire-specific severity anchor,"all-cause PV fire, blends endogenous+exogenous ignition; NOT an exogenous-wildfire benchmark - cannot validate a landscape-wildfire model. No sample size or cause breakdown given; blends equipment-origin and any exogenous-wildfire cases indiscriminately.",ALL_CAUSE_PV_FIRE_BLENDED
KWH_6PCT_SMOKE_REVENUE_LOSS,KWH_SRA_2025_2026_FIRE,Average annual revenue loss from major smoke events,SMOKE_SOILING_GENERATION,6%,% of annual site revenue (average),,,,"subset of sites with generation loss among 40 locations analyzed, 1.2 GWh capacity, FLARE model",,medium,open,SMOKE_SOILING_GENERATION benchmark; out of scope for the physical-damage cell but corroborating for the optical/BI-adjacent layer,"Smoke-soiling revenue loss, strictly separate metric family from any physical-damage figure; not a $/MW physical severity number.",SMOKE_SOILING_GENERATION
KWH_60PCT_PORTFOLIOS_DOUBLE_DIGIT_LOSS,KWH_SRA_2025_2026_FIRE,Share of national portfolios with double-digit generation loss in 2-week smoke windows,SMOKE_SOILING_GENERATION,60%,% of national portfolios experiencing double-digit generation loss,,,,"developers' national portfolios, 2-week smoke-event windows",,medium,open,SMOKE_SOILING_GENERATION frequency context,"Frequency/severity distribution statistic, not a $/MW figure; separate metric family from physical damage.",SMOKE_SOILING_GENERATION
KWH_FIRE_4_81_OR_8_41PCT_OF_LOSSES,KWH_SRA_LOSS_DATABASE_HAIL_FIRE_SPLIT,"Fire category share of total losses (count or $ basis, OCR-ambiguous)",ALL_CAUSE_PV_FIRE_BLENDED,4.81% or 8.41%,"% of total losses, Fire category (ambiguous axis)",,,,"$1.5B total ground-up losses across 13,000+ asset-years, $100B TIV, 92GW DC, 2012-2025",,low,CONTEXT_NOT_BENCHMARK,sanity-checking fire's overall share of PV losses relative to hail; denominator context,"all-cause PV fire, blends endogenous+exogenous ignition; NOT an exogenous-wildfire benchmark - cannot validate a landscape-wildfire model. OCR ambiguity in source slide - two candidate percentage sets exist and are not resolved; Fire category not split wildfire vs equipment.",ALL_CAUSE_PV_FIRE_BLENDED
KWH_DB_DENOMINATOR_1_5B_LOSSES,KWH_SRA_LOSS_DATABASE_HAIL_FIRE_SPLIT,"Total ground-up losses, all perils, denominator context",EXPOSURE_DENOMINATOR,"$1,500,000,000","total ground-up losses, all perils",,,,"13,000+ asset-years / $100B TIV-years / 92GW DC / all 50 states / 2012-2025",,high,open,"denominator context for the whole loss database, not fire-specific","Whole-database denominator, not isolatable to fire or wildfire specifically.",EXPOSURE_DENOMINATOR
GCUBE_2016_50PCT_NA_WEATHER_CLAIMS,GCUBE_CELL_INTERRUPTED_2016,Weather-related losses share of all solar claims in North America (2016 report),ALL_CAUSE_PV_FIRE_BLENDED,~50%,% of all solar claims (North America),,,,"all solar insurance claims in North America, GCube book",,low,CONTEXT_NOT_BENCHMARK,historical timeline/precedent context only; wildfire named only qualitatively,"all-cause PV fire, blends endogenous+exogenous ignition; NOT an exogenous-wildfire benchmark - cannot validate a landscape-wildfire model. Wildfire is only a qualitative example within the weather-related-losses bucket; not isolated as a %.",ALL_CAUSE_PV_FIRE_BLENDED
GCUBE_HHW_50PCT_WILDFIRE_CLAIM_SHARE,GCUBE_HAIL_OR_HIGH_WATER_2021,Wildfire share of solar extreme-weather claims,ALL_CAUSE_PV_FIRE_BLENDED,approximately 50%,% of solar extreme-weather claims caused by wildfire,,,,"all claims for solar asset damage due to extreme weather, GCube decade dataset (~2010-2020)",,low,CONTEXT_NOT_BENCHMARK,insurer claim-share framing; endogenous/exogenous fire split not disclosed by GCube,"all-cause PV fire, blends endogenous+exogenous ignition; NOT an exogenous-wildfire benchmark - cannot validate a landscape-wildfire model. GCube's claims coding does not disclose whether 'wildfire' claims are exogenous landscape fire reaching the site vs. equipment-caused fire that spread into vegetation; treat as ALL_CAUSE_PV_FIRE_BLENDED pending clarification. Do not average against kWh's ~4-8% or AXIS's ~23% - different denominators.",ALL_CAUSE_PV_FIRE_BLENDED
GCUBE_HHW_TENS_OF_MILLIONS_CUML,GCUBE_HAIL_OR_HIGH_WATER_2021,Cumulative wildfire losses to the solar industry over the decade,ALL_CAUSE_PV_FIRE_BLENDED,tens of millions of dollars,cumulative $ (unquantified range),,,,"wildfire losses to the solar industry over the decade, GCube book",,low,CONTEXT_NOT_BENCHMARK,order-of-magnitude ceiling only; no per-event or per-MW figure,"all-cause PV fire, blends endogenous+exogenous ignition; NOT an exogenous-wildfire benchmark - cannot validate a landscape-wildfire model. No absolute number given; unquantified range; no per-event/$/MW breakdown; endogenous/exogenous split not disclosed.",ALL_CAUSE_PV_FIRE_BLENDED
GCUBE_TX2022_300M_HAIL_DOMINATED,GCUBE_NA_NATCAT_UPDATE_2022,"Texas 2022 NatCat solar losses, hail-dominated, single season",HAZARD_INTENSITY_ENGINEERING,>$300 million,"$ solar losses, single summer, Texas hail-driven NatCat",,,,"US renewables market, single season 2022",,medium,CONTEXT_NOT_BENCHMARK,"context only - hail-dominated bucket, wildfire not broken out",Not wildfire-specific; hail-dominated bucket used as comparator context only.,HAZARD_INTENSITY_ENGINEERING
GCUBE_KU2025_300M_NATCAT_INCL_WILDFIRE,GCUBE_KNOWN_UNKNOWNS_2025,US renewables NatCat events attributed jointly to hail and wildfire,ALL_CAUSE_PV_FIRE_BLENDED,>$300 million,"$ insured damages, individual Nat Cat events, US",,,,"US renewables Nat Cat events attributed jointly to hail and wildfire, GCube book, as of April 2025",,low,CONTEXT_NOT_BENCHMARK,order-of-magnitude ceiling; wildfire not isolated from hail,"all-cause PV fire, blends endogenous+exogenous ignition; NOT an exogenous-wildfire benchmark - cannot validate a landscape-wildfire model. Wildfire not isolated from hail in this figure; cannot be treated as an exogenous-wildfire-specific benchmark.",ALL_CAUSE_PV_FIRE_BLENDED
AXIS_55PCT_HAIL_GROSS_CLAIMS_NA,AXIS_SOLAR_VS_HAIL_2025,"Hail share of NatCat/extreme-weather solar gross claims, North America",HAZARD_INTENSITY_ENGINEERING,55%,"% of total gross claim $, hail, NatCat/extreme-weather solar claims",,,,"US & Canada solar NatCat and extreme-weather claims, AXIS book",,high,open,peril-mix comparator; NOT wildfire (hail-caused),"This is a HAIL figure, included only as comparator context; must never be relabeled as wildfire.",HAZARD_INTENSITY_ENGINEERING
AXIS_27PCT_HAIL_GLOBAL,AXIS_SOLAR_VS_HAIL_2025,"Hail share of gross claim $, global solar NatCat/extreme-weather claims",HAZARD_INTENSITY_ENGINEERING,27%,"% of gross claim $, hail, NatCat/extreme-weather solar claims",,,,"global solar NatCat and extreme-weather claims, AXIS book, closed claims 2019-2025",,high,open,peril-mix comparator; NOT wildfire (hail-caused),"This is a HAIL figure, included only as comparator context; must never be relabeled as wildfire.",HAZARD_INTENSITY_ENGINEERING
AXIS_380K_PER_MW_HAIL_STOW,AXIS_SOLAR_VS_HAIL_2025,"$/MW gross claim, tracker stow failure (HAIL-caused, not wildfire)",HAZARD_INTENSITY_ENGINEERING,"$380,000","$/MW gross claim, tracker stow failure",,,,AXIS hail claims by stow scenario,,high,open,methodology reference for how $/MW severity CAN be reported when a peril is properly isolated - a template AXIS has not yet produced for wildfire,"HAIL-CAUSED, NOT WILDFIRE. Included solely as a $/MW methodology reference showing what an isolated, well-scoped peril benchmark looks like; must never be mislabeled as wildfire severity.",HAZARD_INTENSITY_ENGINEERING
AXIS_240DAYS_AVG_DOWNTIME,AXIS_SOLAR_VS_HAIL_2025,"Average ground-up downtime, NatCat/extreme-weather solar claims (includes wildfire, undifferentiated)",ALL_CAUSE_PV_FIRE_BLENDED,240 days,"average ground-up downtime, NatCat/extreme weather solar claims (includes wildfire)",,,,AXIS solar PV claims book,,low,CONTEXT_NOT_BENCHMARK,BI/downtime context; wildfire not isolated from other NatCat perils in this figure,"all-cause PV fire, blends endogenous+exogenous ignition; NOT an exogenous-wildfire benchmark - cannot validate a landscape-wildfire model. Downtime figure spans all NatCat perils including wildfire, not isolated to wildfire alone; cause mix undisclosed.",ALL_CAUSE_PV_FIRE_BLENDED
AXIS_PVTECH_23PCT_WILDFIRE_CLAIMS,AXIS_PVMAGAZINE_JULY2025_WILDFIRE23,Wildfire share of solar NatCat/extreme-weather claim losses (third-party citation),ALL_CAUSE_PV_FIRE_BLENDED,23%,"% of solar NatCat/extreme-weather claim losses, wildfire",,,,AXIS renewable energy claims book (region/scope not independently confirmed),,low,CONTEXT_NOT_BENCHMARK,peril-share sanity-check only; unconfirmed vs AXIS primary text; endogenous/exogenous split not disclosed,"all-cause PV fire, blends endogenous+exogenous ignition; NOT an exogenous-wildfire benchmark - cannot validate a landscape-wildfire model. Unconfirmed against primary AXIS source text retrieved separately (which gives hail 55%/wildfire 'shortly behind' with no isolated %). AXIS's claims coding does not disclose whether 'wildfire' includes equipment-caused fires that spread into vegetation.",ALL_CAUSE_PV_FIRE_BLENDED
AXIS_PVTECH_18PCT_TORNADO_CLAIMS,AXIS_PVMAGAZINE_JULY2025_WILDFIRE23,Tornado share of solar NatCat/extreme-weather claim losses,HAZARD_INTENSITY_ENGINEERING,18%,"% of solar NatCat/extreme-weather claim losses, tornado",,,,same AXIS book as wildfire 23% figure,,low,CONTEXT_NOT_BENCHMARK,"peril-mix comparator only, not wildfire",Not a wildfire figure; included only to show relative peril-mix context alongside the wildfire=23% citation.,HAZARD_INTENSITY_ENGINEERING
MARSH_80PCT_NATCAT_CLAIM_VALUE,MARSH_RENEWABLE_NATCAT_80PCT,"NatCat share of global solar PV claim value (storm+hail named, wildfire not isolated)",ALL_CAUSE_PV_FIRE_BLENDED,80%,"% of claim value, all NatCat perils combined (storm + hail explicitly named)",,,,"global solar PV insurance claims, Marsh brokerage book",,low,CONTEXT_NOT_BENCHMARK,aggregate NatCat ceiling context only; wildfire's residual share within the 80% is unknown,"all-cause PV fire, blends endogenous+exogenous ignition; NOT an exogenous-wildfire benchmark - cannot validate a landscape-wildfire model. Wildfire not isolated - storm and hail are explicitly named as the dominant drivers within this 80% bucket; wildfire's share is unknown and should not be assumed.",ALL_CAUSE_PV_FIRE_BLENDED
60HERTZ_6PCT_AVG_ANNUAL_REVENUE_LOSS,60HERTZ_FLARE_SMOKE_SOILING_2025,Average annual revenue loss from smoke events (FLARE model study),SMOKE_SOILING_GENERATION,6%,% of annual site revenue lost (average),,,,"subset of sites with generation loss among 40 locations analyzed (Western/Southeast/Northeast US), 1.2 GW(?) capacity, FLARE model",,medium,open,primary SMOKE_SOILING_GENERATION benchmark candidate,"Smoke-soiling revenue-loss figure, strictly separate metric family from physical damage; doubles the 2022 SRA's ~3% baseline estimate.",SMOKE_SOILING_GENERATION
60HERTZ_60PCT_PORTFOLIOS_DOUBLE_DIGIT,60HERTZ_FLARE_SMOKE_SOILING_2025,Share of developer national portfolios with double-digit generation loss in 2-week smoke windows,SMOKE_SOILING_GENERATION,60%,% of a developer's national portfolio experiencing double-digit (>10%) generation loss,,,,"developers' national portfolios, during specific 2-week smoke-event windows",,medium,open,SMOKE_SOILING_GENERATION frequency/severity context,"Frequency/severity distribution statistic, not a $/MW figure; strictly separate metric family from physical damage.",SMOKE_SOILING_GENERATION
GCUBE_TX_150M_DERIVED_COMBINED_BUCKET,GCUBE_TX_HAIL_WILDFIRE_COMPARISON_2023,Derived implied ceiling for combined storms+wildfire+flooding bucket (half of $300M hail figure),ALL_CAUSE_PV_FIRE_BLENDED,~$150 million (derived: half of $300M),"$ combined losses, severe storms + wildfires + flooding",,,,"notable US wind and solar facilities, since 2020, GCube data",,low,CONTEXT_NOT_BENCHMARK,"illustrative derived sensitivity only, NOT a directly-stated wildfire-only number","all-cause PV fire, blends endogenous+exogenous ignition; NOT an exogenous-wildfire benchmark - cannot validate a landscape-wildfire model. DERIVED, not directly stated in the source; combines wildfire with storms and flooding into a single undifferentiated bucket - cannot be treated as a wildfire-only benchmark.",ALL_CAUSE_PV_FIRE_BLENDED
RMS_SCE_1B_1YR_55PCT_REDUCTION,RMS_NAWF_HD_V2,SCE utility T&D wildfire mitigation avoided-loss case study (1-year),HAZARD_INTENSITY_ENGINEERING,"$1,000,000,000 / 1-year, 55% reduction","$ avoided loss (utility T&D infrastructure, NOT solar generation)",,,,"Southern California Edison operating territory, all property/utility infrastructure exposure",,medium,CONTEXT_NOT_BENCHMARK,cat-model mitigation-value methodology reference only; not solar-specific,"Utility T&D infrastructure exposure, NOT solar PV generation assets; methodology reference only.",HAZARD_INTENSITY_ENGINEERING
RMS_LA_FIRESTORM_20_30B,RMS_NAWF_HD_V2,LA Firestorm Jan 2025 insured loss estimate (RMS),HAZARD_INTENSITY_ENGINEERING,$20 billion - $30 billion,USD insured loss (private market + CA FAIR Plan),,,,"all private-market + FAIR Plan property, fire+smoke+evacuation impacts, five fires incl. Palisades and Eaton",,high,CONTEXT_NOT_BENCHMARK,"industry-loss ceiling context for scaling; all-property, not solar-segmented","All-perils-combined (fire+smoke+evacuation blended), not solar-segmented; gross vs net unknown.",EXPOSURE_DENOMINATOR
VERISK_14B_2017_LARGEST_INSURED_LOSS,VERISK_AIR_WILDFIRE_US,"Largest insured wildfire loss, 2017 (context figure)",HAZARD_INTENSITY_ENGINEERING,$14 billion,USD insured loss,,,,"single named historical event year (2017), all-property, not solar",,medium,CONTEXT_NOT_BENCHMARK,industry-scale ceiling context only,"All-property, not solar-specific; exact event/denominator not itemized in extracted text.",EXPOSURE_DENOMINATOR
VERISK_LA_FIRESTORM_28_35B,VERISK_AIR_WILDFIRE_US,LA Firestorm Jan 2025 insured industry loss estimate (Verisk/AIR),HAZARD_INTENSITY_ENGINEERING,$28B-$35B total; $20B-$25B Palisades; $8B-$10B Eaton,"USD insured industry loss, incl. CA FAIR Plan",,,,"all-property, mostly residential",,high,CONTEXT_NOT_BENCHMARK,"industry-loss ceiling context; explicitly residential-dominated, not solar-segmented",Most losses are to residential risks per source; BI/smoke not separately broken out.,EXPOSURE_DENOMINATOR
PCS_THRESHOLD_25M,PCS_WILDFIRE_DESIGNATIONS,PCS Catastrophe designation loss threshold,HAZARD_INTENSITY_ENGINEERING,"$25,000,000","USD threshold (designation methodology, not a loss estimate)",,,,"PCS Catastrophe designation criteria, property+BI combined",,high,open,methodology/denominator context for how PCS designates a wildfire catastrophe,"Designation threshold, not a loss estimate; property and BI combined per PCS convention.",EXPOSURE_DENOMINATOR
PCS_23_EVENTS_8B_CUMULATIVE,PCS_WILDFIRE_DESIGNATIONS,Historical wildland-fire PCS Catastrophe count and cumulative loss (as of 2013),HAZARD_INTENSITY_ENGINEERING,23 events; >$8 billion cumulative; >$5 billion in most recent 10 years,"USD, industrywide net insurance payment, all lines",,,,"entire PCS wildland-fire-coded catastrophe history, all lines, national (as of 2013)",,high,CONTEXT_NOT_BENCHMARK,"all-property multi-event ceiling context; dated (2013), all-property, not solar-segmented","All-property (personal + commercial + auto + BI), national, dated as of 2013; not solar-segmented.",EXPOSURE_DENOMINATOR
PCS_FORT_MCMURRAY_2016,PCS_WILDFIRE_DESIGNATIONS,Fort McMurray Wildfire (May 2016) PCS-designated insured loss,HAZARD_INTENSITY_ENGINEERING,C$4.6 billion / US$3.52 billion,CAD/USD insured loss,,,,"Alberta, Canada, all property + auto + BI lines, named single event",,high,CONTEXT_NOT_BENCHMARK,single-event all-property ceiling context,"All-property + auto + BI blended, not separable into DIRECT-only or solar-specific.",EXPOSURE_DENOMINATOR
PCS_PALISADES_EATON_35_7B_APR2025,PCS_WILDFIRE_DESIGNATIONS,"Palisades and Eaton Fires (Jan 2025) PCS-designated combined loss, updated April 2025",HAZARD_INTENSITY_ENGINEERING,Palisades $20.6bn; Eaton $15.1bn; combined $35.7bn,USD industry insured loss,,,,"California, all-property, PCS-designated separate catastrophe events",,high,CONTEXT_NOT_BENCHMARK,"single-event all-property ceiling context, most current LA-fires loss estimate cross-reference",All-perils-combined (fire with smoke/evacuation/BI blended per PCS convention); not solar-segmented.,EXPOSURE_DENOMINATOR
PCS_2003_SANDIEGO_SANBERNARDINO_2_04B,PCS_WILDFIRE_DESIGNATIONS,Oct-Nov 2003 San Diego/San Bernardino County wildfires insured loss,HAZARD_INTENSITY_ENGINEERING,$2.04 billion,USD insured loss,,,,"San Diego/San Bernardino counties, all-property, named single event (2003)",,high,CONTEXT_NOT_BENCHMARK,historical single-event all-property ceiling context,"All-property, not solar-segmented; historical (2003) reference figure.",EXPOSURE_DENOMINATOR
ZESTYAI_44X_LIFT,ZESTYAI_Z_FIRE,Z-FIRE predictive lift vs regional models,HAZARD_INTENSITY_ENGINEERING,44X,lift ratio vs regional wildfire risk models (not a loss $),,,,"ZestyAI Z-FIRE product validation, residential/commercial lines, no solar case",,high,CONTEXT_NOT_BENCHMARK,screening-tool capability context; not a loss-cost benchmark and not solar-validated,"Vendor-published capability metric, not a loss-cost figure; no confirmed utility-scale solar application.",HAZARD_INTENSITY_ENGINEERING
ZESTYAI_PALISADES_EATON_94_87PCT_HIGH_RISK,ZESTYAI_Z_FIRE,Palisades/Eaton fire-zone areas rated High/Very High risk by Z-FIRE (post-event validation),HAZARD_INTENSITY_ENGINEERING,"94% (Palisades), 87% (Eaton)",% of affected areas rated High or Very High risk pre-event,,,,"California, residential/all-structure, named-event validation",,high,CONTEXT_NOT_BENCHMARK,"risk-scoring model validation context; residential, not solar-validated","Model validation statistic for residential/all-structure exposure, not a solar-specific figure.",HAZARD_INTENSITY_ENGINEERING
ZESTYAI_VEG_78PCT_DESTRUCTION_1_9X,ZESTYAI_Z_FIRE,Destruction rate for homes with heavy near-structure vegetation vs light vegetation,HAZARD_INTENSITY_ENGINEERING,"78% destruction rate (heavy vegetation), 1.9x higher than light-vegetation homes",% destruction rate by vegetation-proximity category,,,,"115,000+ North American properties, 1,200+ historical fires, residential structures",,high,open,"transferable MECHANISM finding supporting vegetation-management value; residential analog, unvalidated for utility PV","Residential structure-vulnerability mechanism finding; transfer to utility-scale PV vegetation management is an analogy, not validated for PV hardware specifically.",HAZARD_INTENSITY_ENGINEERING
DESCARTES_CAPACITY_100M_PER_CONTRACT,DESCARTES_WILDFIRE_PARAMETRIC,Descartes parametric wildfire product maximum capacity per contract (solar named as covered industry),HAZARD_INTENSITY_ENGINEERING,"$100,000,000","USD per contract, maximum capacity",,,,per-contract limit across covered industries including renewable energy/solar,,high,open,market-structure/capacity benchmark for how the parametric market currently prices/sizes wildfire risk for solar; not a loss-cost figure,"Capacity ceiling, not a realized loss-cost or premium/rate-on-line figure; no solar-specific claims history disclosed.",HAZARD_INTENSITY_ENGINEERING
ARBOL_LIMITS_1_10M,ARBOL_WILDFIRE_PARAMETRIC,Arbol parametric wildfire policy limit range,HAZARD_INTENSITY_ENGINEERING,"$1,000,000 - $10,000,000",USD policy limits,,,,"per-policy limit range, Western US commercial and residential property",,high,open,market-structure/capacity comparator (lower bound) vs Descartes' $100M ceiling,Not confirmed solar-farm-eligible; no premium/rate-on-line or claims-paid figures published.,HAZARD_INTENSITY_ENGINEERING
ARBOL_PROOF_OF_LOSS_MIN_10K,ARBOL_WILDFIRE_PARAMETRIC,Arbol minimum proof-of-loss threshold,HAZARD_INTENSITY_ENGINEERING,"$10,000",USD minimum proof-of-loss,,,,"per-policy minimum, Western US commercial/residential property",,high,open,market-structure floor reference,"Minimum threshold, not a benchmark loss-cost figure.",HAZARD_INTENSITY_ENGINEERING
CVSR_8_9M_EVENT_LOSS,CVSR_AVIAN_FIRE_2019,"California Valley Solar Ranch fire estimated loss (bird/electrical-arc ignition, endogenous)",ENDOGENOUS_ASSET_ORIGINATED_FIRE,"$8,000,000-$9,000,000",USD,,,,"single event, 250 MW nameplate, BOS-only (poles/cabling), gross-or-net ambiguous",,medium,CONTEXT_NOT_BENCHMARK,lower-bound severity anchor for an equipment/avian-ignition PV fire event; NOT usable as an exogenous-wildfire benchmark,"Ignition cause = bird/electrical arc; the fire STARTED AT the plant and burned outward through grassland - this is an ENDOGENOUS ignition-source event, not an exogenous landscape wildfire reaching the site. Excluded from the exogenous-wildfire benchmark set.",ENDOGENOUS_ASSET_ORIGINATED_FIRE
CVSR_84PCT_CAPACITY_KNOCKED_OUT,CVSR_AVIAN_FIRE_2019,CVSR capacity knocked out by the endogenous-origin fire,ENDOGENOUS_ASSET_ORIGINATED_FIRE,84%,% of plant generating capacity,,,,"250 MW nameplate, single event",,high,CONTEXT_NOT_BENCHMARK,"severity-of-outcome context for an equipment-origin fire, not exogenous wildfire",Same endogenous-ignition event as above; not an exogenous-wildfire severity datum.,ENDOGENOUS_ASSET_ORIGINATED_FIRE
DEPCOM_60DAYS_FASTER_RESTORATION,DEPCOM_KERN_COUNTY_2020,"Restoration-speed improvement, Kern County 20 MW plant, 2020 CA wildfire season",EXOGENOUS_WILDFIRE_DIRECT,60 days faster restoration than competing bid,days,,,,single 20 MW plant event,,low,CONTEXT_NOT_BENCHMARK,"vendor-reported restoration-speed case study; illustrative only, not a loss-severity benchmark","Vendor-reported (EPC/O&M marketing case study); no independent verification. The plant was one of California's 9,900 wildfires in 2020, i.e., an external/landscape wildfire reached the site (exogenous), but the article frames avoided-cost/restoration-speed, not gross physical loss.",EXOGENOUS_WILDFIRE_DIRECT
DEPCOM_2_6M_1_4M_RESTORATION_SAVINGS,DEPCOM_KERN_COUNTY_2020,"Restoration cost savings and avoided lost revenue, Kern County 20 MW plant",EXOGENOUS_WILDFIRE_DIRECT,$2.6M + $1.4M restoration savings; $1.2M (or $400K) avoided lost revenue,USD,,,,"single 20 MW / 200-acre plant, avoided-cost framing, not gross loss",,low,CONTEXT_NOT_BENCHMARK,avoided-cost anchor only - NOT a gross exogenous-wildfire physical-damage severity figure,"This is an AVOIDED-COST / restoration-savings framing, not a gross loss figure - cannot be read as a DIRECT severity benchmark even though the originating event (external wildfire reaching the site, firefighting helicopters flooding inverters) is exogenous in origin. Vendor self-reported success story (PORTFOLIO_BIAS).",EXOGENOUS_WILDFIRE_DIRECT
DEPCOM_1000_MODULES_DESTROYED,DEPCOM_KERN_COUNTY_2020,"Modules destroyed, Kern County 20 MW plant wildfire event",EXOGENOUS_WILDFIRE_DIRECT,"~1,000 modules destroyed",count of modules,,,,"single 20 MW plant event, exogenous wildfire reaching the site",,low,CONTEXT_NOT_BENCHMARK,"physical-damage unit count; no $ conversion provided, no per-MW normalization possible without module unit cost","Unit-count only, no accompanying $/module cost disclosed in source; secondary damage cause (firefighting water flooding inverters) is also present and not separable from the direct flame/heat damage.",EXOGENOUS_WILDFIRE_DIRECT
CANYON_FIRE2_900MW_GRID_TRIP,CANYON_FIRE_2_GRID_2017,Solar capacity tripped off near-instantaneously by grid-protection fault during Canyon Fire 2,EXOGENOUS_WILDFIRE_DIRECT,~900 MW,"MW tripped (near-instantaneous grid-protection fault, not sustained loss or physical burn damage)",,,,"CAISO-wide solar fleet, single grid-disturbance event, subcycle overvoltage fault",,low,CONTEXT_NOT_BENCHMARK,grid-response/BI-adjacent pathway context; NOT a physical-damage severity figure,"This is a grid-protection TRIP (inverter ride-through response to an external/exogenous wildfire-adjacent transmission disturbance), not physical burnover damage to PV hardware. Uncited secondary source (Wikipedia); primary NERC/CAISO report not located. Do not conflate with physical-damage severity.",EXOGENOUS_WILDFIRE_DIRECT
WELLINGTON_NORTH_90PCT_CAPACITY_POST_FIRE,WELLINGTON_NORTH_FIRE_2025,Wellington North Solar Farm capacity operating post-fire (external grass fire),EXOGENOUS_WILDFIRE_DIRECT,~10% capacity reduction (90% of nameplate operating),% of 400 MW nameplate,,,,"single farm, single event, short-duration, external 92-hectare grass fire",,medium,CONTEXT_NOT_BENCHMARK,exogenous-wildfire case-study context; no $ loss figure disclosed,"No damage to major equipment reported per source; no dollar figure disclosed. Genuinely exogenous (external grass fire), but severity was reportedly low and unquantified in $.",EXOGENOUS_WILDFIRE_DIRECT
MANNUM_250K_INVERTER_CONTAINER_FIRE,MANNUM_SOLAR_FIRE_2024,Mannum 2 Solar Farm containerized-inverter fire damage estimate (endogenous),ENDOGENOUS_ASSET_ORIGINATED_FIRE,"$250,000","AUD (implied, unconfirmed currency)",,,,"single containerized-inverter fire event, Mannum 2 project, SA",,medium,CONTEXT_NOT_BENCHMARK,lower-bound severity anchor for a containerized-inverter equipment fire; NOT an exogenous-wildfire benchmark,"Cause: inverter in a shipping container bursting into flames - an ENDOGENOUS equipment-origin fire, not a landscape wildfire reaching the site. Excluded from the exogenous-wildfire benchmark set despite being a genuine, disclosed dollar figure.",ENDOGENOUS_ASSET_ORIGINATED_FIRE
CAISO_30PCT_GEN_DROP_SEPT2020,CAISO_2020_SMOKE_EIA_REUTERS,"CAISO utility-scale solar generation drop vs July 2020 average, first 2 weeks Sept 2020",SMOKE_SOILING_GENERATION,~30%,% vs July 2020 average,,,,"CAISO system-wide utility-scale solar (90% of CA utility solar capacity), first 2 weeks Sept 2020",,high,open,primary SMOKE_SOILING_GENERATION benchmark; highly corroborated across multiple independent sources,"Smoke-soiling generation shortfall, strictly separate metric family from physical damage.",SMOKE_SOILING_GENERATION
CAISO_13_4PCT_YOY_DECLINE,CAISO_2020_SMOKE_EIA_REUTERS,"CAISO YoY solar generation decline despite capacity growth, Sept 2020",SMOKE_SOILING_GENERATION,13.4%,% YoY decline,,,,"CAISO system-wide, first half Sept 2020 vs first half Sept 2019, despite +659 MW/+5% capacity growth",,high,open,primary SMOKE_SOILING_GENERATION benchmark,"Smoke-soiling metric family, strictly separate from physical damage.",SMOKE_SOILING_GENERATION
NREL_450MW_AVG_DECREASE_SEPT2020,NREL_WILDFIRE_CAISO_TECH_REPORT_2023,"CAISO average generation decrease, September 2020 (AOD-validated)",SMOKE_SOILING_GENERATION,450,MW (average decrease),,,,"CAISO system, September 2020 (historical, AOD-validated)",,high,open,"primary SMOKE_SOILING_GENERATION benchmark, absolute-MW framing","Smoke-soiling metric family, strictly separate from physical damage; absolute MW, not %.",SMOKE_SOILING_GENERATION
NREL_7_7PCT_MONTHLY_REDUCTION,NREL_WILDFIRE_CAISO_TECH_REPORT_2023,CAISO monthly PV generation reduction attributed to 2020 wildfire season,SMOKE_SOILING_GENERATION,7.7%,% monthly PV generation reduction,,,,"CAISO system, 2020 wildfire scenario at current (2020-era) deployment",,high,open,primary SMOKE_SOILING_GENERATION benchmark,"Smoke-soiling metric family, strictly separate from physical damage.",SMOKE_SOILING_GENERATION
NREL_AOD_0_14_0_46_INCREASE,NREL_WILDFIRE_CAISO_TECH_REPORT_2023,"Aerosol optical depth increase, California, Aug-Oct 2020",SMOKE_SOILING_GENERATION,0.14-0.46 increase (background ~0.10; peak monthly mean 0.53 in Sept),aerosol optical depth (unitless),,,,"California, Aug-Oct 2020",,high,open,"smoke-intensity magnitude axis for SMOKE_SOILING_GENERATION, corroborating CAISO/NREL generation-loss figures","AOD is the physical smoke-intensity input variable, not itself a loss figure; strictly SMOKE_SOILING_GENERATION scope.",SMOKE_SOILING_GENERATION
NCAR_10_30PCT_PEAK_HOUR_DECLINE,NCAR_WILDFIRE_SMOKE_SOLAR_2020,"California statewide peak-hour production decline on heavy-smoke days, Sept 2020",SMOKE_SOILING_GENERATION,"10-30% (peak hours, heavy-smoke days); <7% (low-smoke days)",% production decline vs. same days prior years,,,,"California statewide, Sept 2020, noon-4pm window",,high,open,"corroborating SMOKE_SOILING_GENERATION benchmark, independent of CAISO/NREL",Smoke-soiling metric family; corroborates but does not independently replicate CAISO/NREL figures (same 2020 CA wildfire season).,SMOKE_SOILING_GENERATION
AMPERON_4_1PCT_MEAN_DECREASE_AU,AMPERON_AEMO_BUSHFIRE_2019_2020,"Mean generation decrease per plant, 20 Australian solar farms, 2019-2020 bushfires",SMOKE_SOILING_GENERATION,4.1%,% mean generation decrease per plant,,,,"20 Australian utility-scale solar farms (NSW/VIC/ACT/SA), Dec 2019-Jan 2020",,high,open,"cross-geography corroborating SMOKE_SOILING_GENERATION benchmark (Australia, not US)","Smoke-soiling metric family; Australian geography, cross-checks the magnitude of US CAISO/NREL findings under a different bushfire event.",SMOKE_SOILING_GENERATION
AMPERON_12PCT_MUGGA_LANE,AMPERON_AEMO_BUSHFIRE_2019_2020,"Generation decrease, Mugga Lane Solar Park (single named ACT project), 2019-2020 bushfires",SMOKE_SOILING_GENERATION,12.0%,% generation decrease,,,,"Mugga Lane Solar Park (single named ACT project), Dec 2019-Jan 2020",,high,open,"site-level SMOKE_SOILING_GENERATION anchor, Australia","Smoke-soiling metric family; single-site figure, upper end of the Australian bushfire-smoke range found.",SMOKE_SOILING_GENERATION
FEMP_PVROM_9_4_37_8PCT_PRODUCTION_DROP,ENERGY_GOV_FEMP_PVROM_WILDFIRE,"Measured power-production drop across PVROM sites, western US wildfire smoke",SMOKE_SOILING_GENERATION,9.4%-37.8%,% power-production drop,,,,PVROM dataset sites across AZ/CA/ID/NV/NM/UT,,medium-high,open,"primary SMOKE_SOILING_GENERATION benchmark (federal source, matches OSTI/Gilletly primary study)","Smoke-soiling metric family; federal-source restatement of the OSTI/Gilletly regression study - treat as corroborating, not independent.",SMOKE_SOILING_GENERATION
FEMP_CA_10_30_UP_TO_58_LOCAL,ENERGY_GOV_FEMP_PVROM_WILDFIRE,"California statewide/local PV output decline, September 2020",SMOKE_SOILING_GENERATION,10-30% statewide; up to 58% locally,% PV output decline,,,,"California, September 2020, statewide and local",,medium,open,SMOKE_SOILING_GENERATION corroboration of CAISO/NREL findings,"Smoke-soiling metric family; corroborates CAISO/NREL figures for the same 2020 CA wildfire season, not independent.",SMOKE_SOILING_GENERATION
YANG_CHF_26KWM2,YANG_2015_MATERIALS_PV_FLAMMABILITY,Critical heat flux for PV module ignition,HAZARD_INTENSITY_ENGINEERING,26,kW/m2 (minimum heat flux below which no flame occurs),,,,"lab study, PV module laminate/backsheet, external radiant heat flux",,high,open,module-level ignition threshold - hazard-intensity input for exogenous flame/radiant exposure modeling,"Lab-controlled radiant heat flux exposure, not a specific wildfire scenario; no cost/loss figure.",HAZARD_INTENSITY_ENGINEERING
YANG_IGNITION_TIME_CURVE,YANG_2015_MATERIALS_PV_FLAMMABILITY,Ignition time vs heat flux curve for PV modules,HAZARD_INTENSITY_ENGINEERING,28kW/m2->913s; 30->636s; 35->218s; 40->133s; 45->83s,seconds vs kW/m2,,,,"lab study, PV module laminate/backsheet",,high,open,ignition-time engineering curve for translating radiant exposure duration into ignition likelihood,Lab-controlled test; no field/wildfire-scenario validation; no cost/loss figure.,HAZARD_INTENSITY_ENGINEERING
YANG_THR_38_57_MJM2,YANG_2015_MATERIALS_PV_FLAMMABILITY,"Total heat release, PV module combustion",HAZARD_INTENSITY_ENGINEERING,38-57,MJ/m2 across 28-45 kW/m2 exposure range,,,,"lab study, PV module laminate/backsheet",,high,open,"combustion-severity engineering input, classified 'intermediate risk' per Petrella system",Lab-controlled test; no cost/loss figure.,HAZARD_INTENSITY_ENGINEERING
WANG_CHF_26KWM2_CORROBORATION,WANG_WANG_ZHAO_SEMSC_2025_PVGLASS,Critical heat flux for single-glass/double-glazed PV module ignition (2025 corroboration),HAZARD_INTENSITY_ENGINEERING,26,kW/m2,,,,single-glass/double-glazed PV module lab study,,medium,open (abstract-only),corroborates Yang 2015 CHF figure with a more recent module construction test,"Abstract-level only, full text paywalled; corroborating not independent of Yang 2015.",HAZARD_INTENSITY_ENGINEERING
ZHANG_XLPE_CHF_16_24KWM2,ZHANG_2022_ENERGIES_XLPE_CABLE,"Critical ignition heat flux, XLPE power cable (PV DC/combiner cable analog)",HAZARD_INTENSITY_ENGINEERING,16.24,kW/m2,,,,"XLPE cable, cone calorimeter lab test",,high,open,"cabling ignition threshold - lower than module CHF (26 kW/m2), meaning site cabling may ignite at lower radiant exposure/greater standoff distance","Generic XLPE power cable, not confirmed as PV-specific DC cable spec; lab test, no field validation; no cost/loss figure.",HAZARD_INTENSITY_ENGINEERING
ZHANG_IGNITION_TIME_83_5_TO_13_3S,ZHANG_2022_ENERGIES_XLPE_CABLE,"Ignition time by radiant intensity, XLPE cable",HAZARD_INTENSITY_ENGINEERING,83.5s (20 kW/m2) to 13.3s (40 kW/m2),seconds vs kW/m2,,,,"XLPE cable, cone calorimeter lab test",,high,open,cabling ignition-time engineering curve,Lab test; no cost/loss figure.,HAZARD_INTENSITY_ENGINEERING
FSIM_FLP_BINS_CANONICAL,USFS_FSIM_RDS_2016_0034_3,Canonical flame-length-probability bins (hazard-axis denominator),EXPOSURE_DENOMINATOR,FLP1<2ft; FLP2 2-4ft; FLP3 4-6ft; FLP4 6-8ft; FLP5 8-12ft; FLP6 12+ft,"flame-length probability bins, feet",,,,"CONUS+AK+HI, 270m resolution, landscape conditions end of 2020",,high,open,"canonical hazard-axis denominator/magnitude bins for exogenous wildfire exposure at any US location, including solar sites","Pure hazard-simulation output (BP + conditional FLP), no dollar-loss data; no PV-specific attribute; requires independent spatial join to USPVDB for solar-site-specific application.",EXPOSURE_DENOMINATOR
BYRAM_FIRELINE_INTENSITY_FORMULA,FARSITE_BYRAM_FIRELINE_INTENSITY,Byram fireline intensity formula (magnitude axis),HAZARD_INTENSITY_ENGINEERING,I_b = h*w*R/60 (kW/m); L_f = 0.0775*I_b^0.46 (m),kW/m (fireline intensity); m (flame length),,,,"generic wildland fire-behavior model, requires site fuel-model inputs",,high,open,"canonical magnitude axis (fireline intensity, kW/m) for exogenous wildfire severity, feeding flame-length and heat-flux-at-distance calculations",Formula only; no PV-site-specific run performed; requires independently supplied fuel/moisture/wind/slope inputs per site.,HAZARD_INTENSITY_ENGINEERING
COHEN_40M_20KWM2_THRESHOLD,COHEN_2000_HOME_IGNITABILITY,Heat flux and ignition-time threshold at 40m standoff from wildland flame front,HAZARD_INTENSITY_ENGINEERING,<20 kW/m2 at 40m; >10min min ignition time,kW/m2 at distance; minutes,,,,"20m x 50m crown-fire-scale flame front, SIAM model, wood-wall proxy",,high,open,standoff-distance screening reference; PV module CHF (26 kW/m2) is higher than Cohen's 20 kW/m2 wood-wall 'safe' threshold - an important non-transferable nuance,"Wood-wall proxy, not PV-specific; PV modules have a higher CHF (26 kW/m2 per Yang 2015) than wood, so Cohen's <20kW/m2 'safe' distance for wood walls may not directly transfer to PV modules.",HAZARD_INTENSITY_ENGINEERING
COHEN_MIN_IGNITION_FLUX_13KWM2,COHEN_2000_HOME_IGNITABILITY,Minimum heat flux for piloted ignition at any duration,HAZARD_INTENSITY_ENGINEERING,13,kW/m2,,,,"wood-wall piloted ignition, any duration, SIAM model",,high,open,lower-bound ignition threshold reference,"Wood-wall proxy, not PV-specific.",HAZARD_INTENSITY_ENGINEERING
COHEN_SURVIVAL_70_VS_19PCT_ROOF,COHEN_2000_HOME_IGNITABILITY,"Structure survival rate, nonflammable vs flammable roof (Foote 1994, cited in Cohen 2000)",HAZARD_INTENSITY_ENGINEERING,70% vs 19%,% survival (nonflammable vs flammable roof),,,,"Foote 1994 dataset, cited secondarily in Cohen 2000",,medium,open,"material-hardening effectiveness reference, transferable analog for PV site material selection","Residential structure survival statistic, secondary citation; not PV-specific.",HAZARD_INTENSITY_ENGINEERING
SYPHARD_DEFENSIBLE_SPACE_5_20M,SYPHARD_2014_DEFENSIBLE_SPACE,Effective defensible-space treatment distance,HAZARD_INTENSITY_ENGINEERING,5-20m most effective (max 30m benefit),meters,,,,"San Diego Co. chaparral, matched sample n=2,000 homes (1,000 destroyed + 1,000 surviving), 2001-2010",,high,open,vegetation-clearance/defensible-space screening variable for utility-scale PV site risk assessment,"Residential homes, not PV structures; matched-sample design (not full-population regression), PORTFOLIO_BIAS applies.",HAZARD_INTENSITY_ENGINEERING
SYPHARD_40PCT_CLEARANCE_THRESHOLD,SYPHARD_2014_DEFENSIBLE_SPACE,Effective woody-cover clearance threshold,HAZARD_INTENSITY_ENGINEERING,40,% woody-cover clearance immediately adjacent to structure,,,,same San Diego Co. matched sample,,high,open,"vegetation-management mitigation-value threshold, transferable analog for PV perimeter management","Residential homes, not PV structures; matched-sample design.",HAZARD_INTENSITY_ENGINEERING
DOE_FEMP_FORESTFIRE_TEMP_1470F,DOE_FEMP_SOLAR_PV_WILDFIRE_HARDENING,Average and extreme forest-fire temperature,HAZARD_INTENSITY_ENGINEERING,"1,470F average; up to 2,000F extreme",degrees Fahrenheit,,,,generic forest-fire thermal reference,,high,open,thermal-exposure magnitude context for material-melting-point comparisons,"Generic reference, not site-specific.",HAZARD_INTENSITY_ENGINEERING
DOE_FEMP_MATERIAL_MELT_POINTS,DOE_FEMP_SOLAR_PV_WILDFIRE_HARDENING,PV-relevant material melting/failure points,HAZARD_INTENSITY_ENGINEERING,"Al 1,220F; Si 2,580F; Ag 1,760F; glass 3,092F; steel 2,700F (structural failure 1,000F)",degrees Fahrenheit,,,,generic material science reference,,high,open,material-vulnerability thresholds for translating forest-fire temperature exposure into component failure likelihood,"Generic material science, not a claims-based or site-specific figure.",HAZARD_INTENSITY_ENGINEERING
DOE_FEMP_UL1703_CLASSES,DOE_FEMP_SOLAR_PV_WILDFIRE_HARDENING,UL 1703 module fire-rating classes (burn duration/flame spread thresholds),HAZARD_INTENSITY_ENGINEERING,Class A 10min/~1400F/<=6ft; Class B 10min/<=8ft; Class C 4min/<=13ft,"minutes, degrees F, feet",,,,UL 1703/NEC/IBC standard test criteria,,high,open,module fire-rating design/procurement specification reference,"Standard test criteria, not a claims-based figure.",HAZARD_INTENSITY_ENGINEERING
DOE_FEMP_16K_INVERTER_ANECDOTE,DOE_FEMP_SOLAR_PV_WILDFIRE_HARDENING,"Anecdotal inverter replacement cost, 200-kW rooftop PV system",ENDOGENOUS_ASSET_ORIGINATED_FIRE,"$16,000","USD, single inverter, 200kW rooftop system",,,,"anecdotal, not claims-based, cause not specified as exogenous wildfire",,low,CONTEXT_NOT_BENCHMARK,"single-anecdote component-cost reference only, explicitly flagged non-benchmark by the source page itself","Single anecdotal figure, not claims-based; not confirmed to be caused by exogenous wildfire (equipment-fire/failure cause not specified); rooftop, not utility-scale.",ENDOGENOUS_ASSET_ORIGINATED_FIRE
GILLETLY_9_4_37_8PCT_PM25_REGRESSION,OSTI_GILLETLY_WILDFIRE_PV_PRODUCTION_REGRESSION,"PV production reduction by PM2.5 level, regression model",SMOKE_SOILING_GENERATION,9.4%-37.8%,"% reduction in normalized production, PM2.5 50-200 ug/m3",,,,"68 eligible sites (52 utility-scale + 16 distributed), AZ/CA/ID/OR/UT, PVROM database Apr2018-Jul2019",,high,open,PRIMARY SMOKE_SOILING_GENERATION benchmark - best available open source translating smoke intensity into % generation loss,"PM2.5 proxy, not direct AOD or soiling-ratio measurement; small non-random 68-site sample; conflates atmospheric attenuation and any ash-soiling deposition into one coefficient.",SMOKE_SOILING_GENERATION
GILLETLY_REGRESSION_FIT_STATS,OSTI_GILLETLY_WILDFIRE_PV_PRODUCTION_REGRESSION,Regression model fit statistics,SMOKE_SOILING_GENERATION,"R2=0.6732, RMSE=0.099",dimensionless,,,,same 68-site regression model,,high,open,model-quality context for the primary PM2.5-based SMOKE_SOILING_GENERATION benchmark,"Model-fit statistic, not itself a loss figure.",SMOKE_SOILING_GENERATION
NREL_MONTHLY_7_7PCT_2020,NREL_WILDFIRE_SOLAR_GENERATION_RESERVES_PRICES,"2020 wildfire-attributed monthly PV generation decrease (NREL, independent of Gilletly/OSTI)",SMOKE_SOILING_GENERATION,up to 7.7%,% monthly PV generation decrease,,,,"2020 wildfire season, western US, monthly granularity",,medium,"open (snippet-derived, primary PDF fetch unsuccessful this session)","second independent SMOKE_SOILING_GENERATION quantification, corroborating CAISO/NREL-CAISO-tech-report figures",Confidence downgraded to medium because the primary PDF could not be directly re-fetched in this session; snippet/webinar-transcript corroborated.,SMOKE_SOILING_GENERATION
NREL_DAILY_UP_TO_19PCT_2020,NREL_WILDFIRE_SOLAR_GENERATION_RESERVES_PRICES,2020 wildfire-attributed daily PV generation reduction (NREL),SMOKE_SOILING_GENERATION,up to 19%,% daily PV generation reduction,,,,"2020 wildfire season, western US, daily granularity",,medium,open (snippet-derived),daily-granularity SMOKE_SOILING_GENERATION benchmark,Snippet-derived confidence; primary PDF fetch unsuccessful this session.,SMOKE_SOILING_GENERATION
NREL_RESERVE_53_64PCT_INCREASE,NREL_WILDFIRE_SOLAR_GENERATION_RESERVES_PRICES,"Operating reserve requirement increase, 2020 conditions vs escalating-wildfire scenario",SMOKE_SOILING_GENERATION,53%-64%,% increase in monthly operating reserve requirement,,,,"2020 wildfire season vs escalating-wildfire scenario, western US grid",,medium,open (snippet-derived),grid-integration-cost-adjacent context for SMOKE_SOILING_GENERATION consequences,"Grid-integration-cost adjacent metric, not a direct generation-loss or $/MW figure; snippet-derived confidence.",SMOKE_SOILING_GENERATION
USPVDB_6611_FACILITIES_131573MW,USPVDB_V4_2026,"US large-scale solar PV facility count and total capacity (v4.0, April 2026)",EXPOSURE_DENOMINATOR,"6,611 facilities; 131,573 MW AC",count; MW AC,,,,"USPVDB v4.0, 49 states + DC, April 2026",,high,open,base exposure population for GIS overlay against wildfire-hazard layers,No dollar value/TIV per facility; not field-verified; no pre-joined wildfire-hazard attribute.,EXPOSURE_DENOMINATOR
EIA860_212492MW_JAN2026,EIA_860_ANNUAL,"Total US solar PV capacity, January 2026 (utility + small-scale)",EXPOSURE_DENOMINATOR,"212,492.4 MW total (152,542.3 utility + 59,950.1 small-scale)",MW,,,,"EIA-860/860M Table 6.1.A, January 2026",,high,open,national denominator context for exposure scaling,"Generic capacity denominator, no wildfire-hazard linkage.",EXPOSURE_DENOMINATOR
EIA_CA_13000MW_UTILITY_JUNE2020,EIA_860_ANNUAL,"California utility-scale solar capacity, June 2020 (context for 2020 wildfire season)",EXPOSURE_DENOMINATOR,">13,000 MW utility; 9,800 MW small-scale",MW,,,,"California, June 2020, EIA Today in Energy article",,high,open,state-level exposure denominator for the 2020 CA wildfire smoke-soiling literature,Denominator context for the CAISO/NREL/NCAR 2020 smoke-soiling figures; not a wildfire-hazard or loss figure itself.,EXPOSURE_DENOMINATOR
FSIM_FLP_BINS_R5,USFS_FSIM_RDS_2016_0034_3_R5,"Canonical flame-length-probability bins (hazard-axis denominator, cross-referenced from R4)",EXPOSURE_DENOMINATOR,FLP1<2ft; FLP2 2-4ft; FLP3 4-6ft; FLP4 6-8ft; FLP5 8-12ft; FLP6 12+ft,"flame-length probability bins, feet",,,,"CONUS+AK+HI, 270m resolution, landscape conditions end of 2020",,high,open,"same canonical hazard-axis denominator as USFS_FSIM_RDS_2016_0034_3 (R4); cross-referenced, not double-counted","Same underlying dataset as the R4 FSim entry; listed once here for R5's exposure-denominator context, not an independent number.",EXPOSURE_DENOMINATOR
SOLAR_FHSZ_643ACRE_PROJECT_EXAMPLE,SOLAR_FHSZ_PROJECT_LEVEL_SCREENING,Utility solar project sited in CAL FIRE High/Very-High FHSZ (project-level example),EXPOSURE_DENOMINATOR,"643-acre solar facility, majority in High FHSZ",acres; FHSZ tier,,,,"San Diego County EIR, project-level CEQA disclosure",,medium,open,illustrative project-level screening evidence; not a portfolio-wide GW figure,"Project-level, acreage-based (not MW), not systematically compiled across all CA utility solar; no dollar-loss data.",EXPOSURE_DENOMINATOR
NIFC_2025_77850FIRES_5_1M_ACRES,NIFC_WILDFIRES_ACRES,"US wildfires and acres burned, 2025",EXPOSURE_DENOMINATOR,"77,850 fires; 5,131,474 acres",count; acres,,,,"NIFC national annual statistics, 2025, all-property, all-cause",,high,open,"generic denominator/context, no solar linkage","All-property, all-cause; no solar linkage.",EXPOSURE_DENOMINATOR
NIFC_2021_PEAK_SUPPRESSION_COST,NIFC_SUPPRESSION_COSTS,"Peak annual federal wildfire suppression cost, 2021",EXPOSURE_DENOMINATOR,"$4,389,000,000",USD total (Forest Service + DOI),,,,"NIFC annual federal suppression cost series, 2021 (highest year)",,high,open,"government cost context, not property loss, no solar linkage","Government suppression cost, not property loss; no solar linkage.",EXPOSURE_DENOMINATOR
CALFIRE_CAMP_FIRE_2018_18804_STRUCTURES,CALFIRE_INCIDENT_ARCHIVE,"Camp Fire (2018) structures destroyed, deaths, acreage - most destructive CA wildfire on record",EXPOSURE_DENOMINATOR,"153,336 acres; 18,804 structures; 85 deaths",acres; count; count,,,,CAL FIRE Top-20 Most Destructive California Wildfires ranking,,high,open,"all-property historical ceiling context, no solar linkage","All-property, not solar-specific.",EXPOSURE_DENOMINATOR
NOAA_2018_CA_FIRESTORM_30B,NOAA_NCEI_BILLION_DOLLAR_WILDFIRE,"California Firestorm 2018, CPI-adjusted cumulative loss - largest single billion-dollar wildfire event 1980-2024",EXPOSURE_DENOMINATOR,$30.0 billion,USD CPI-adjusted,,,,"Western Wildfires/California Firestorm, Summer-Fall 2018, all-property",,high,open,"all-property historical ceiling context, no solar linkage","All-property, all-cause; no solar breakout in the NOAA series.",EXPOSURE_DENOMINATOR
SWISSRE_LA_40B_INSURED_2025,SWISSRE_SIGMA_NATCAT_2025,Palisades and Eaton Fires (Jan 2025) insured loss - largest-ever insured wildfire loss event,EXPOSURE_DENOMINATOR,$40 billion,USD insured loss,,,,"Los Angeles County, Jan 2025, explicitly residential-dominated per Swiss Re framing",,high,open,"reinsurance-industry record-setting ceiling context, no solar linkage",Explicitly framed as concentrated in high-value single-family residential property; no asset-class breakout; no solar attribution.,EXPOSURE_DENOMINATOR
MUNICHRE_LA_53B_TOTAL_40B_INSURED_2025,MUNICHRE_NATCAT_2025,"Palisades and Eaton Fires (Jan 2025) total economic and insured loss (Munich Re, cross-check of Swiss Re)",EXPOSURE_DENOMINATOR,$53 billion total; ~$40 billion insured,USD,,,,"Los Angeles County, Jan 2025, no asset-class breakout",,high,open,"cross-reinsurer corroboration of the LA wildfire record ceiling, no solar linkage",No asset-class or peril-mechanism (flame vs smoke vs BI) breakout; no solar or energy-infrastructure line item.,EXPOSURE_DENOMINATOR
BERYL_110MW_FIRE_UNDER_PANELS,BERYL_SOLAR_FIRE_2023,"Beryl solar farm grass fire burning under panels (cause undetermined, landscape-type)",EXOGENOUS_WILDFIRE_DIRECT,110 MW farm; fire burned under panels; site shut down/isolated,MW nameplate; qualitative outcome,,,,"single farm, single event, cause undetermined but landscape/grass-fire type spreading under the array",,low,CONTEXT_NOT_BENCHMARK,exogenous-wildfire case-study context; no dollar figure or physical-damage-severity number disclosed,"No cost, no damage-severity percentage, and no confirmed ignition source disclosed; press report only.",EXOGENOUS_WILDFIRE_DIRECT
ENERGY_SAFE_VIC_5FARMS_SHUTDOWN,ENERGY_SAFE_VIC_5_FARMS_2025,Five Victorian solar farms ordered to cease generation over bushfire/vegetation risk,EXOGENOUS_WILDFIRE_DIRECT,"5 solar farms shut down, effective midday 22 Feb 2025","count of farms; regulatory action, not a loss event",,,,"regulatory shutdown order, Victoria, Australia; only one of the five (Raywood, 20 MW) has a known individual capacity",,low,CONTEXT_NOT_BENCHMARK,regulatory/preventive-action context showing wildfire-vegetation risk is being actively managed by regulators; not a loss or damage figure,"This is a REGULATORY PREVENTIVE SHUTDOWN, not a wildfire loss event; no aggregate MW or dollar figure for the 5-farm group disclosed; Raywood (one of the five) is separately classified ENDOGENOUS (inverter-origin fire).",EXOGENOUS_WILDFIRE_DIRECT
KINGS_COUNTY_267ACRE_GRASS_FIRE,KINGS_COUNTY_GRASS_FIRE_2023,"Grass fire at a Kings County, CA solar panel farm (cause under investigation)",EXOGENOUS_WILDFIRE_DIRECT,~267 acres burned,acres,,,,"single event, Kings County, CA, cause under investigation at time of report",,low,CONTEXT_NOT_BENCHMARK,"exogenous-wildfire case-study context; no dollar figure, no MW/capacity figure, no confirmed damage severity",Cause was under investigation at time of report (could be exogenous grass fire or equipment-origin spreading into grass); no cost or capacity-loss figure disclosed; local news source only.,EXOGENOUS_WILDFIRE_DIRECT
RAYWOOD_20MW_INVERTER_FIRE,RAYWOOD_SOLAR_FIRE_2025,Raywood solar farm inverter fire spreading into grass beneath panels (endogenous),ENDOGENOUS_ASSET_ORIGINATED_FIRE,"20 MW capacity; fire started in inverter, spread into grass under panels",MW nameplate; qualitative event description,,,,"single farm, single event, Victoria, Australia; ignition confirmed to have started in an on-site inverter",,medium,CONTEXT_NOT_BENCHMARK,"equipment-ignition-source case study; the fire then spread into vegetation on-site, illustrating how endogenous fires can create secondary vegetation-fire risk, but this is NOT an exogenous landscape wildfire reaching the site","Ignition confirmed to be an ON-SITE inverter, i.e., ENDOGENOUS; the subsequent vegetation ignition is a secondary/downstream effect of an equipment fire, not an external wildfire reaching the plant. Excluded from the exogenous-wildfire benchmark set. No dollar figure disclosed.",ENDOGENOUS_ASSET_ORIGINATED_FIRE
NATURECOMMS_2_5PCT_GHI_DECLINE_CONUS,NATURE_COMMS_2025_SMOKE_SOLAR_RESOURCE_CONUS,CONUS-wide baseline monthly-mean GHI decrease from transported/dilute wildfire smoke,SMOKE_SOILING_GENERATION,~2-5% decrease,% decrease in baseline monthly-mean GHI vs low-smoke-year average,,,,"CONUS-wide (all lower-48 states), transported/dilute smoke conditions, peer-reviewed study, 2025",,high,open,"broadest-geography SMOKE_SOILING_GENERATION benchmark - national baseline dilute-smoke effect, complementing the CA/AU concentrated-smoke-event figures","This is a GHI (irradiance) measure, not a direct PV generation-loss %; dilute/background smoke effect, much smaller than the acute CA 2020 (30%) or AU 2019-2020 (4-12%) concentrated-smoke-event figures; strictly SMOKE_SOILING_GENERATION scope, separate from physical damage.",SMOKE_SOILING_GENERATION
NIST_WITCH_GUEJITO_STRUCTURE_LOSS,NIST_TN_1796_WITCH_GUEJITO,"Structure destruction counts, Witch and Guejito Fires (2007), Rancho Bernardo area (residential analog)",HAZARD_INTENSITY_ENGINEERING,"274 homes in fire path; 245 within final perimeter; 74 destroyed, 16 damaged (Rancho Bernardo); 1,125 destroyed/77 damaged (Witch Fire overall)",count of structures,,,,"San Diego County, CA, 2007, residential structures, NIST post-fire forensic investigation",,high,open,"residential structure-vulnerability engineering analog; transferable methodology for utility PV structure-survival analysis, not a PV-specific figure","Residential structures, not PV assets; provides an engineering analog for exogenous-wildfire structure-survival analysis methodology, not a directly transferable dollar or %-damage figure for solar.",HAZARD_INTENSITY_ENGINEERING
NIST_HMM_40VULN_57OPTIONS,NIST_TN_2205_HMM_METHODOLOGY,Hazard Mitigation Methodology vulnerability/option counts and structure-separation bands,HAZARD_INTENSITY_ENGINEERING,"40 vulnerabilities; 57 hardening options; 8 categories; Structure Separation Distance: Low Density >50ft, Moderate 25-50ft, High Density <25ft",count; feet,,,,"NIST Hazard Mitigation Methodology (HMM), generic structure-hardening framework",,high,open,"structure-separation-distance engineering reference, transferable analog for utility PV array spacing/setback risk assessment","Generic structure-hardening framework, not PV-specific; no cost or claims data attached.",HAZARD_INTENSITY_ENGINEERING
NIST_FENCES_187_EXPERIMENTS,NIST_TN_2228_FENCES_MULCH,"Fence-to-structure ignition experiments, full-scale testing",HAZARD_INTENSITY_ENGINEERING,187 full-scale experiments; fences 91cm (3ft) apart still produced large flames,count of experiments; cm/ft,,,,"NIST full-scale fence/mulch ignition-pathway testing, generic (non-PV) built environment",,high,open,"combustible-adjacency engineering reference, transferable analog for PV site perimeter/fencing material choices","Generic fence/mulch ignition-pathway study, not PV-specific; no cost or claims data attached.",HAZARD_INTENSITY_ENGINEERING
NREL_OM_COST_BREAKDOWN_INVERTER_31PCT,NREL_PV_OM_BEST_PRACTICES,100kW fixed-tilt PV O&M cost breakdown by subsystem (denominator/context for replacement-cost shares),EXPOSURE_DENOMINATOR,Inverter 31%; Cleaning/Vegetation 19%; PV Array 13%; Electrical 10%; Documents 8%; PV Module 7%; DC Wiring 5%; Mechanical 4%; Asset Mgmt 2%; AC Wiring 1%; Monitoring 0%,% of annual O&M cost by subsystem,,,,"100kW fixed-tilt reference system, NREL O&M best-practices report",,high,open,"subsystem-value-share denominator context; NOT a wildfire-damage figure, but useful for understanding which subsystems (e.g., inverter, vegetation) dominate cost and thus loss-severity potential","This is an O&M COST breakdown (routine maintenance spend), not a wildfire-damage or claims figure; included only as denominator/subsystem-weighting context. Vegetation management is 19% of O&M cost, corroborating why defensible-space/vegetation-clearance mechanisms matter for wildfire risk.",EXPOSURE_DENOMINATOR
NREL_OM_ANNUAL_COST_10_PER_KW,NREL_PV_OM_BEST_PRACTICES,Recommended annual O&M cost benchmark,EXPOSURE_DENOMINATOR,~$10/kW/yr (range $0-$40/kW/yr); 2020 residential benchmark $28.94/kWdc/yr,$/kW/yr,,,,"NREL O&M best-practices report, generic PV fleet, not wildfire-specific",,high,open,"generic O&M cost denominator context, not a wildfire or damage figure","Routine O&M cost benchmark, unrelated to wildfire damage or claims; included only as general-denominator context.",EXPOSURE_DENOMINATOR
USFS_WHP_BP_0_0_14_CFL_0_862FT,USFS_WHP_WRC_2024,Wildfire Hazard Potential: burn probability and conditional flame length ranges (2024 release),EXPOSURE_DENOMINATOR,Burn probability (BP) 0-0.14; conditional flame length (CFL) 0-861.7 ft,probability (0-1); feet,,,,"CONUS, 30m resolution, USFS Wildfire Risk to Communities, landscape conditions as of end of 2020",,high,open,"canonical hazard-axis denominator (companion dataset to FSim RDS-2016-0034-3), usable for GIS overlay against USPVDB solar-site locations","Pure hazard-simulation output, no dollar-loss or PV-specific attribute; requires independent spatial join to USPVDB for solar-site-specific application; also includes flame-length-exceedance-probability layers (FLEP4, FLEP8) not separately itemized here.",EXPOSURE_DENOMINATOR
