source_id,source_name,source_type,availability_tag,metric_tags,evidence_use_tags,solar_wildfire_use,fire_origin_family,has_open_numbers,does_not_have_open,url,retrieved,notes
KWH_SRA_2025_2026_FIRE,kWh Analytics — Solar Risk Assessment 2025/2026 (fire section),renewable_claims_publication,HAS_OPEN_NUMBERS,"[""CLAIM_FREQUENCY_SHARE"", ""REVENUE_LOSS_PCT"", ""SMOKE_SOILING"", ""COMPONENT_CAUSE""]","[""PRIMARY_BENCHMARK_CANDIDATE"", ""PERIL_SHARE_CONTEXT""]","Wildfire claim-mix framing: 84% of fire-labeled events are equipment/brush-ignition origin (endogenous), only ~4% of events occur in high-wildfire-risk areas, 44% inverter-caused; up to 80% asset value loss range in cited cases; smoke-soiling ~6% annual revenue loss (SMOKE-SOILING scope). Splits DIRECT exogenous burnover from equipment-origin fire and from smoke-production loss.",ALL_CAUSE_PV_FIRE_BLENDED,84% of fire events equipment/brush-ignition origin; ~4% of fire events occur in high-wildfire-risk areas; 44% inverter-caused; up to 80% asset value loss (case range); ~6% avg annual revenue loss from smoke-soiling; 60% of portfolios saw double-digit generation loss in 2-week smoke windows.,Isolated $/MW physical severity for exogenous wildfire burnover of a utility solar array; capacity/TIV denominators for the fire-cause split.,https://kwhanalytics.com/wp-content/uploads/2025/06/Solar-Risk-Assessment-2025.pdf,2026-07-10,"The 84% equipment/brush-origin share is critical: most 'solar fire' losses are endogenous, NOT exogenous wildfire burnover (the scope of the canonical wildfire_solar cell). Do not conflate. DIRECT (84%/4%/44%/80%) and SMOKE-SOILING (6%/60%) figures kept as separate metric families. SCOPE CAVEAT: all-cause PV fire, blends endogenous+exogenous ignition; NOT an exogenous-wildfire benchmark — cannot validate a landscape-wildfire model."
KWH_SRA_LOSS_DATABASE_HAIL_FIRE_SPLIT,"kWh Analytics — Solar Risk Assessment loss database, hail/fire peril split (webinar slide)",renewable_claims_publication,HAS_OPEN_NUMBERS,"[""CLAIM_SHARE"", ""PERIL_MIX""]","[""SECONDARY_BENCHMARK"", ""PERIL_SHARE_CONTEXT""]","Contextualizes fire vs hail share of the kWh loss database: fire = 4.81%/8.41% of losses (OCR-ambiguous which is count vs $ share); denominator is 13,000+ asset-years, ~$100B TIV, 92 GW, 2012-2025, $1.5B total ground-up losses.",ALL_CAUSE_PV_FIRE_BLENDED,"Fire = 4.81% or 8.41% of database losses (column/axis OCR-ambiguous, carry both readings); denominator: 13,000+ asset-years, ~$100B TIV, 92 GW DC, 2012-2025, $1.5B cumulative ground-up losses.",Unambiguous count-vs-dollar attribution of the 4.81%/8.41% split; wildfire isolated from equipment-origin fire within this figure; per-MW severity.,https://pv-magazine-usa.com/,2026-07-10,"Same portfolio family as VDE_AXIS_PERIL_MIX_2025-style denominators (13,000+ asset-years/92GW/$100B TIV/$1.5B ground-up) used elsewhere in the flood dossier; OCR ambiguity in the source slide means both 4.81% and 8.41% must be carried forward, not averaged. SCOPE CAVEAT: all-cause PV fire, blends endogenous+exogenous ignition; NOT an exogenous-wildfire benchmark — cannot validate a landscape-wildfire model."
GCUBE_CELL_INTERRUPTED_2016,GCube — Cell Interrupted / NA claims report (2016 vintage + later ~2023 update),broker_insurer_report,HAS_OPEN_NUMBERS,"[""CLAIM_SHARE"", ""CLAIM_VALUE_SHARE""]","[""PERIL_SHARE_CONTEXT""]","Fires = 16% of claims / 20% of total costs in a 5-year window ending ~2023; an earlier 2016 report cites weather ~50% of NA claims (context, not wildfire-isolated).",ALL_CAUSE_PV_FIRE_BLENDED,"Fires = 16% of claims by count, 20% of total costs, 5-yr window ending ~2023; earlier (2016) figure: weather ~50% of North American solar claims.",Isolation of wildfire from equipment-origin/other fire causes within the 16%/20% figures; per-MW severity; denominator/portfolio size.,https://www.pv-tech.org/,2026-07-10,"The 16%/20% 'fires' bucket almost certainly blends equipment-origin and exogenous wildfire causes (per the kWh 84%-equipment-origin finding) — treat as an upper bound on wildfire's true share, not a wildfire-isolated figure. SCOPE CAVEAT: all-cause PV fire, blends endogenous+exogenous ignition; NOT an exogenous-wildfire benchmark — cannot validate a landscape-wildfire model."
GCUBE_HAIL_OR_HIGH_WATER_2021,GCube — Hail or High Water (solar extreme-weather claims report),broker_insurer_report,HAS_OPEN_NUMBERS,"[""CLAIM_VALUE_SHARE"", ""EVENT_LOSS_MAGNITUDE""]","[""PERIL_SHARE_CONTEXT"", ""SOURCE_DISCOVERY""]","Roughly 50% of solar extreme-weather claim value attributed to wildfire, characterized as 'tens of millions' cumulative over the decade — an aggregate order-of-magnitude figure, not per-MW. Also cross-listed/corroborated in R3 with an S&P Global figure that wildfire+windstorm+tornado = 80% of claims over the past 10 years and $300M in claims since 2015 (combined, not wildfire-isolated).",ALL_CAUSE_PV_FIRE_BLENDED,"~50% of solar extreme-weather claims = wildfire; 'tens of millions of dollars' cumulative wildfire losses over the decade; wildfire cited as historically the most frequent solar damage cause among extreme-weather perils; corroborating S&P Global figure (via same GCube dataset lineage): wildfire+windstorm+tornado = 80% of claims past 10 years, $300M in claims since 2015 (combined bucket).",Per-MW severity; separation of DIRECT burnover from smoke/soiling revenue loss; isolated wildfire-only dollar figure (only combined-bucket figures are open); project/portfolio denominators.,https://www.gcube-insurance.com/reports/,2026-07-10,"Wildfire claim-share estimates vary ~5x across insurers (GCube ~50% vs kWh's ~4% of events in high-risk areas vs AXIS's third-party-cited 23%). DO NOT average across sources — different denominators, time windows, and definitions (weather-claims-only vs all-cause vs NatCat-only). SCOPE CAVEAT: all-cause PV fire, blends endogenous+exogenous ignition; NOT an exogenous-wildfire benchmark — cannot validate a landscape-wildfire model."
GCUBE_NA_NATCAT_UPDATE_2022,"GCube — North America NatCat market update (2022, Texas hail-dominated)",broker_insurer_report,HAS_OPEN_NUMBERS,"[""EVENT_LOSS"", ""DEDUCTIBLE_SUBLIMIT""]","[""PERIL_SHARE_CONTEXT""]","$300M+ Texas hail-dominated NatCat losses in 2022; sublimits up to $50M breached. Wildfire not separately broken out here, but same GCube report family is used elsewhere for wildfire commentary (see GCUBE_TX_HAIL_WILDFIRE_COMPARISON_2023).",HAZARD_INTENSITY_ENGINEERING,"$300M+ NatCat losses in Texas, 2022 (hail-dominated); sublimits up to $50M breached.","Any wildfire-specific isolation within this report; the $300M figure is hail-attributed, not wildfire.",https://www.gcube-insurance.com/reports/,2026-07-10,Included as denominator/context for the GCube report family and to support the GCUBE_TX_HAIL_WILDFIRE_COMPARISON_2023 cross-reference; not itself a wildfire number.
GCUBE_KNOWN_UNKNOWNS_2025,GCube — Known Unknowns (2025 renewable NatCat market report),broker_insurer_report,HAS_OPEN_NUMBERS,"[""EVENT_LOSS""]","[""PERIL_SHARE_CONTEXT"", ""SOURCE_DISCOVERY""]",US NatCat events >$300M including hail and wildfire bundled together (not isolated); general market commentary on rising renewable NatCat severity.,ALL_CAUSE_PV_FIRE_BLENDED,"US NatCat events >$300M (incl. hail and wildfire, not separated); qualitative market-hardening commentary.",Wildfire-isolated $ figure; per-MW severity; full report is largely gated beyond press-cited figures.,https://www.gcube-insurance.com/reports/,2026-07-10,"Partial open (press-cited figures) + HAS_PATHWAY_ONLY for the full report; wildfire bundled inside a >$300M generic NatCat bucket. SCOPE CAVEAT: all-cause PV fire, blends endogenous+exogenous ignition; NOT an exogenous-wildfire benchmark — cannot validate a landscape-wildfire model."
GCUBE_MCLACHLAN_INTERVIEW_2025,"GCube — McLachlan interview (trade press, 2025)",broker_insurer_commentary,HAS_OPEN_NUMBERS,"[""UNDERWRITING_APPETITE"", ""MECHANISM_NARRATIVE""]","[""MECHANISM_ONLY"", ""SOURCE_DISCOVERY""]",Key qualitative admission: GCube has NOT yet had a major utility-scale solar wildfire loss; California cannot exclude wildfire coverage but can sublimit or price for it.,ALL_CAUSE_PV_FIRE_BLENDED,"Qualitative only, no $: GCube has not had a major utility-scale solar wildfire loss to date; in California, wildfire cannot be excluded from renewable policies but can be sublimited/priced.",Any dollar figure whatsoever — this source is qualitative/narrative only.,https://www.gcube-insurance.com/,2026-07-10,"Directly informs the Golden Rule for this pair: even a leading renewable insurer's own underwriter states no major realized utility-scale solar wildfire loss has occurred yet, which explains the overall scarcity of open wildfire-isolated $/MW figures across all source classes. SCOPE CAVEAT: all-cause PV fire, blends endogenous+exogenous ignition; NOT an exogenous-wildfire benchmark — cannot validate a landscape-wildfire model."
AXIS_SOLAR_VS_HAIL_2025,"AXIS Capital — solar vs hail claims report (2025, primary report)",insurer_report,HAS_OPEN_NUMBERS,"[""CLAIM_FREQUENCY_SHARE"", ""CLAIM_VALUE_SHARE"", ""DOLLARS_PER_MW"", ""BI_DOWNTIME""]","[""PERIL_SHARE_CONTEXT"", ""SECONDARY_BENCHMARK""]","Ranks perils for solar: NA hail ~55% of gross claims, wildfire 'shortly behind' (no % given); Global: hail 27% of gross claim $, tornado/wind 23% of frequency / 45% of $; downtime days by cause; $/MW figures given are for hail/stow scenarios, not wildfire.",ALL_CAUSE_PV_FIRE_BLENDED,"NA: hail ~55% of gross claims, wildfire ranked next (no %); Global: hail 27% of gross claim $, wind/tornado 23% freq / 45% $; $380k/MW (tracker stow-failure, hail-caused, NOT wildfire), $340k/MW fixed-tilt (hail), $150k/MW successful-stow (hail); ~240 days avg downtime for NatCat/extreme-weather events (includes wildfire in the aggregate category but not isolated).",Wildfire-only percentage or $/MW figure — all quantified $/MW figures in this report are hail-specific.,https://www.axiscapital.com/insurance/energy,2026-07-10,"The $150-380k/MW figures are HAIL-caused, not wildfire-caused — must not be relabeled as wildfire severity. Wildfire is only qualitatively ranked ('shortly behind' hail in NA), with no isolated $ or % figure in the primary report. SCOPE CAVEAT: all-cause PV fire, blends endogenous+exogenous ignition; NOT an exogenous-wildfire benchmark — cannot validate a landscape-wildfire model."
AXIS_PVMAGAZINE_JULY2025_WILDFIRE23,AXIS Capital data as reported by pv magazine (July 2025 vintage),trade_press_secondary_citation,HAS_OPEN_NUMBERS,"[""CLAIM_VALUE_SHARE""]","[""SECONDARY_BENCHMARK""]","Third-party citation of AXIS data: wildfire = 23%, tornado = 18%, hail = 55% of NatCat/extreme-weather solar claims (July 2025 vintage), a different cut than AXIS's own global 27%-hail figure.",ALL_CAUSE_PV_FIRE_BLENDED,"Wildfire = 23%, tornado = 18%, hail = 55% of NatCat/extreme-weather solar claims (as reported by pv magazine, July 2025).",Independent primary-source confirmation of the 23% figure directly from AXIS (only found via secondary trade-press citation); denominator/vintage reconciliation against AXIS's own 27%-hail global figure.,https://www.pv-magazine.com/,2026-07-10,"Flagged low-to-medium confidence: this 23% wildfire figure could not be directly corroborated in AXIS's own primary report text retrieved for AXIS_SOLAR_VS_HAIL_2025, which instead only says wildfire is 'shortly behind' hail in NA without a percentage. Possible vintage/geography mismatch (NA vs global cut) — do not average with other AXIS figures. SCOPE CAVEAT: all-cause PV fire, blends endogenous+exogenous ignition; NOT an exogenous-wildfire benchmark — cannot validate a landscape-wildfire model."
MARSH_RENEWABLE_NATCAT_80PCT,Marsh — renewable-energy NatCat claim materials,broker_report,HAS_OPEN_NUMBERS,"[""CLAIM_VALUE_SHARE""]","[""PERIL_SHARE_CONTEXT""]","NatCat (storm+hail named explicitly) = 80% of solar PV claim value globally; wildfire not separately isolated, sits inside the residual/NatCat bucket.",ALL_CAUSE_PV_FIRE_BLENDED,NatCat = 80% of solar PV claim value globally (storm+hail explicitly named as the dominant components).,Wildfire-only quantification; per-MW figure; DIRECT vs smoke split.,https://www.marsh.com/en/industries/power-utilities.html,2026-07-10,"Aggregate-only figure; wildfire sits inside the NatCat bucket alongside storm and hail, which are explicitly named as dominant — wildfire's residual share within the 80% is unknown and should not be assumed to be large. SCOPE CAVEAT: all-cause PV fire, blends endogenous+exogenous ignition; NOT an exogenous-wildfire benchmark — cannot validate a landscape-wildfire model."
GALLAGHER_RE_INSURING_TRANSITION_2024,Gallagher Re — Insuring the Energy Transition (2024 report),broker_report,HAS_OPEN_NUMBERS,"[""MECHANISM_NARRATIVE""]","[""MECHANISM_ONLY"", ""SOURCE_DISCOVERY""]",Names wildfire qualitatively as one of the 'biggest losses' drivers for solar; no wildfire-specific % or $ figure given in the open report.,ALL_CAUSE_PV_FIRE_BLENDED,Qualitative: wildfire named as a top loss driver for solar assets.,Any wildfire-specific % or $ figure; the quantified version of this claim (if it exists) is gated.,https://www.gallagherre.com/,2026-07-10,"HAS_PATHWAY_ONLY for the quantified wildfire share; open text is qualitative narrative only. SCOPE CAVEAT: all-cause PV fire, blends endogenous+exogenous ignition; NOT an exogenous-wildfire benchmark — cannot validate a landscape-wildfire model."
60HERTZ_FLARE_SMOKE_SOILING_2025,"60Hertz Energy — FLARE (Fire Linked Asset Risk Evaluation) model, as published in kWh Analytics 2025 SRA",om_software_vendor_research,HAS_OPEN_NUMBERS,"[""SOILING_LOSS"", ""GENERATION_SHORTFALL"", ""SMOKE_AOD""]","[""PRIMARY_BENCHMARK_CANDIDATE""]","SMOKE-SOILING scope: ~6% average annual revenue loss (subset of 40 sites with generation loss, ~1.2 GW(?) capacity, FLARE model using Aerosol Optical Depth); extreme case: 60% of a national portfolio saw double-digit generation loss during specific 2-week smoke-event windows.",SMOKE_SOILING_GENERATION,"6% avg annual site revenue loss (subset with generation loss, n=40 sites, ~1.2 GW(?) capacity, Western/Southeast/Northeast US); 60% of a developer's national portfolio saw double-digit (>10%) generation loss during 2-week smoke-event windows; this finding 'doubles' an implied ~3% 2022 SRA baseline.","$/MWh or absolute $ cleaning-cost figure; confirmation of exact unit for '1.2 Gwh' (likely capacity typo, not energy); independently verified 2022 SRA baseline.",https://60hertzenergy.com/flare-api/,2026-07-10,"The single most citable open number for the SMOKE-SOILING metric family in the entire R1 sweep. Strictly SMOKE-SOILING (generation/revenue loss), never to be blended with DIRECT physical-damage figures. Portfolio-bias caveat: 40-site convenience sample of contributor-provided sites."
GCUBE_TX_HAIL_WILDFIRE_COMPARISON_2023,GCube (via Insurance Journal) — Texas hail vs wildfire+storms+flooding comparison,trade_press_secondary_citation,HAS_OPEN_NUMBERS,"[""EVENT_LOSS"", ""CLAIM_SEVERITY""]","[""SECONDARY_BENCHMARK"", ""SCREENING_ONLY""]","2022 Texas hail losses (~$300M) were 'nearly twice' the financial hit from 'severe storms, wildfires and flooding' at notable US wind/solar facilities since 2020 — implies a combined bucket of ~$150M (half of $300M), not a wildfire-isolated figure.",ALL_CAUSE_PV_FIRE_BLENDED,"Texas hailstorms caused ~$300M in losses (2022); this was 'nearly twice' the combined hit from severe storms + wildfires + flooding at US wind/solar facilities since 2020 (implying ≈$150M combined, derived); insurers capping coverage at $10M in high-risk areas; solar property insurance premiums up as much as 50% year-over-year.",Wildfire isolated from the combined storms+wildfire+flooding bucket; per-MW severity; portfolio denominator.,https://www.insurancejournal.com/news/national/2023/08/02/733273.htm,2026-07-10,"The ~$150M figure is a DERIVED implied ceiling for a combined 'storms+wildfire+flooding' bucket (half of the stated $300M hail figure), not a directly-stated wildfire-only number — must be flagged as derived and low confidence. SCOPE CAVEAT: all-cause PV fire, blends endogenous+exogenous ignition; NOT an exogenous-wildfire benchmark — cannot validate a landscape-wildfire model."
JS_HELD_FORENSIC_PATHWAY,J.S. Held — forensic/fire-investigation practice (pathway only; no solar-wildfire case study located),forensic_engineering_firm,HAS_PATHWAY_ONLY,[],"[""SCREENING_ONLY"", ""SOURCE_DISCOVERY""]",Documented as an outreach/access pathway; no public J.S. Held (or Sedgwick) report specifically addressing utility-scale solar PV wildfire damage was located via open search.,ALL_CAUSE_PV_FIRE_BLENDED,None found relevant to utility-scale solar wildfire.,Any open numeric data — no public solar-wildfire-specific report was located from this firm or Sedgwick.,https://www.jsheld.com,2026-07-10,"Pathway: direct outreach to J.S. Held's Renewable Energy or Fire & Explosion Investigation practice group (or Sedgwick) to request anonymized/aggregated case studies of utility-scale solar PV wildfire-origin or wildfire-exposure claims, cause-and-origin findings, and repair-cost breakdowns by component — likely requires NDA/paid licensing. SCOPE CAVEAT: all-cause PV fire, blends endogenous+exogenous ignition; NOT an exogenous-wildfire benchmark — cannot validate a landscape-wildfire model."
RMS_NAWF_HD_V2,Moody's RMS — North America Wildfire HD Model v2.0,cat_model_vendor,HAS_GATED_NUMBERS,"[""AAL"", ""PML""]","[""SOURCE_DISCOVERY"", ""SCREENING_ONLY""]","Not solar-specific (an Industrial Facilities specialty model exists within the RMS suite, but no published solar-PV loss costs). Open context numbers only: LA firestorm insured-loss range $20B-$30B (all-property, not solar); SCE wildfire-mitigation case study $1B/1yr and $3.5B/3yr avoided losses (utility T&D infrastructure, not solar generation).",HAZARD_INTENSITY_ENGINEERING,"No open AAL/PML numbers for solar. Open context: LA firestorm insured-loss range $20B-$30B (all-property); SCE mitigation case study: $1B avoided losses over 1 year (55% reduction), $3.5B avoided over 3 years (65% reduction) — utility infrastructure, not solar.",Any solar-specific AAL/PML output — the model's solar-relevant loss costs are proprietary/gated behind an RMS license.,https://www.rms.com/models/wildfire,2026-07-10,"SCE figures are for utility T&D (transmission & distribution) infrastructure hardening, NOT solar generation assets — do not relabel as solar. LA firestorm $20-30B is all-property, residential-dominated."
VERISK_AIR_WILDFIRE_US,Verisk/AIR — Wildfire Model for the United States,cat_model_vendor,HAS_GATED_NUMBERS,"[""AAL"", ""PML""]","[""SOURCE_DISCOVERY"", ""SCREENING_ONLY""]","Not solar-specific. AAL defined methodologically as expected loss per year averaged over 10,000 simulated years. Open context: largest insured wildfire loss cited is $14B (2017); LA firestorm estimate $28B-$35B (all-property).",HAZARD_INTENSITY_ENGINEERING,"AAL methodology definition: expected loss per year averaged over 10,000 simulated years. Largest insured wildfire loss cited: $14B (2017). LA firestorm (Jan 2025) estimate: $28B-$35B (all-property).",Any solar-specific AAL/PML output — gated behind an AIR/Verisk license.,https://www.verisk.com/insurance/capabilities/catastrophe-modeling/,2026-07-10,"All open figures are all-property (not solar-segmented); useful only as macro AAL-methodology and loss-magnitude context, never as a solar benchmark."
PCS_WILDFIRE_DESIGNATIONS,PCS (Verisk) — Wildfire Catastrophe Designations,industry_loss_bulletin,HAS_OPEN_NUMBERS,"[""EVENT_LOSS""]","[""SCREENING_ONLY"", ""SOURCE_DISCOVERY""]","Industry-wide, not solar-segmented, but provides open named-event industry-loss bulletins useful for macro context/ceiling checks: Fort McMurray 2016 C$4.6B (~US$3.52B); historical count of 23 wildland-fire CAT events since 1949 totaling >$8B (>$5B in the most recent 10 years, as of 2013); Palisades+Eaton Fires (Jan 2025) preliminary $28B-$35B, later raised to $35.7B by April 2025; PCS designation minimum threshold = $25,000,000.",HAZARD_INTENSITY_ENGINEERING,"Fort McMurray 2016: C$4.6B (~US$3.52B). 23 wildland-fire CAT events since 1949, >$8B cumulative, >$5B in most recent 10 yrs (as of 2013). Palisades+Eaton (Jan 2025): preliminary $28B-$35B, raised to $35.7B by April 2025 ($20.6B Palisades, $15.1B Eaton). 2003 San Diego/San Bernardino wildfires: $2.04B. PCS designation threshold: $25,000,000 minimum industry loss.","Any solar-segmented loss figure — PCS designations are industry-wide (all lines of business), not asset-class-specific; underlying claims methodology is gated.",https://www.verisk.com/insurance/capabilities/pcs-catastrophe-data/,2026-07-10,"Industry-wide (all-property/all-lines) bulletins, useful only as a macro event-loss ceiling/context reference — never a solar-specific benchmark."
RENEW_RISK,Renew Risk — renewable-energy-specific catastrophe model,cat_model_vendor,HAS_PATHWAY_ONLY,[],"[""SOURCE_DISCOVERY""]","Solar farms named as a covered asset class ('only commercially available cat models built specifically for renewable energy assets'), but wildfire is not explicitly named as a modeled peril on the public product page and no open numeric loss costs are published.",HAZARD_INTENSITY_ENGINEERING,None open — product description only.,"Confirmation that wildfire is even a modeled peril in this product; any numeric loss-cost, AAL, or PML figures.",https://www.renew-risk.com/,2026-07-10,"Uncertain wildfire coverage: the public page does not explicitly list wildfire among modeled perils, unlike hail/wind — flagged as a pathway to inquire about directly rather than assumed to cover wildfire."
VDE_AMERICAS_NATCAT,VDE Americas — Natural Catastrophe Risk & Insurability Report,solar_engineering_firm_report,NO_DIRECT_RENEWABLE_NUMBERS_FOUND,[],"[""SOURCE_DISCOVERY""]","Solar-only company; wildfire is listed as one of five perils a NatCat model 'must characterize' for solar insurability, but with zero methodology or figures disclosed publicly. VDE's demonstrated expertise/quantification is concentrated in hail, not wildfire.",HAZARD_INTENSITY_ENGINEERING,"None — wildfire listed only as a peril category name, no figures.",Any wildfire-specific numeric figure whatsoever.,https://www.vdeamericas.com/,2026-07-10,"HAS_PATHWAY_ONLY for any underlying wildfire methodology; VDE's public quantitative output is hail-focused, and wildfire is currently only a named category, not a quantified peril, on the public materials reviewed."
ZESTYAI_Z_FIRE,ZestyAI — Z-FIRE wildfire risk model,cat_model_vendor_proptech,HAS_GATED_NUMBERS,"[""BURN_PROBABILITY""]","[""SOURCE_DISCOVERY"", ""SCREENING_ONLY""]","Not solar-specific (residential/commercial property lines; no utility-scale solar case study found). Open capability numbers only: trained on 1,500+/2,000+/1,200+ historical wildfire events (figure varies by citation); 44x lift vs regional models; 97-100% US property coverage; Palisades/Eaton fire zones scored 94%/87% High-or-Very-High risk; vegetation study found 78% destruction rate with heavy near-structure vegetation vs 1.9x lower with managed vegetation. No $ loss-cost or AAL numbers published.",HAZARD_INTENSITY_ENGINEERING,"Trained on 1,500+ / 2,000+ / 1,200+ historical fires (varies by citation); 44x lift vs regional models; 97-100% US property coverage; Palisades/Eaton zones scored 94%/87% High-or-Very-High risk; vegetation study: 78% destruction rate with heavy near-structure vegetation vs. 1.9x lower with managed vegetation.","Any $ loss-cost, AAL, or PML figure; any utility-scale solar-specific validation case; the Z-SPARK non-weather-fire $25B headline is deferred as equipment-origin, not wildfire.",https://www.zestyai.com/z-fire,2026-07-10,"Residential/commercial property model with no confirmed utility-scale solar use case; property-count/coverage and model-lift statistics are open, but no solar-relevant dollar figures exist publicly."
DESCARTES_WILDFIRE_PARAMETRIC,Descartes Underwriting — parametric wildfire ('Fire-in-a-Circle' / 'Burnt Area'),parametric_insurance_provider,HAS_OPEN_NUMBERS,"[""TRIGGER_BURN""]","[""SOURCE_DISCOVERY"", ""SCREENING_ONLY""]","Renewable energy/solar explicitly listed as a covered industry. Open product-structure numbers: two trigger structures (radius-based 'Fire-in-a-Circle', hectares-burned 'Burnt Area'); capacity up to $100 million per contract. Pricing/loss-cost figures are gated. No solar-specific $/MW loss-cost published.",HAZARD_INTENSITY_ENGINEERING,Two trigger structures: 'Fire-in-a-Circle' (proximity/radius-based) and 'Burnt Area' (hectares burned). Capacity up to $100 million per contract. Solar/renewable energy explicitly listed as covered industry.,Solar-specific $/MW loss-cost or pricing figures — gated behind Descartes' underwriting process.,https://descartesunderwriting.com/,2026-07-10,"Product-structure facts are open; any solar-specific pricing/loss-cost is HAS_GATED_NUMBERS, obtainable only through a direct quote/underwriting engagement."
ARBOL_WILDFIRE_PARAMETRIC,Arbol — parametric wildfire product,parametric_insurance_provider,HAS_OPEN_NUMBERS,"[""TRIGGER_BURN""]","[""SOURCE_DISCOVERY"", ""SCREENING_ONLY""]","Not explicitly solar-branded (branded for homes/businesses; renewables covered under Arbol's broader energy book, but the wildfire product itself is not solar-branded). Open structure: boundary-crossing trigger via NIFC/Cal Fire perimeter data; limits $1M-$10M; proof-of-loss minimum $10,000; payout within 10 business days.",HAZARD_INTENSITY_ENGINEERING,"Trigger: fire crossing insured-property boundary per NIFC/Cal Fire perimeter data. Limits: $1M-$10M. Proof-of-loss minimum: $10,000. Payout within 10 business days.","Any solar-specific pricing, loss-cost, or utilization data.",https://www.arbolmarket.com/,2026-07-10,"Structure is open and generic (not solar-branded specifically) — treat as a product-design reference/pathway, not a solar-specific benchmark."
CVSR_AVIAN_FIRE_2019,"California Valley Solar Ranch (Clearway) fire, San Luis Obispo Co., CA",named_event_case_study,HAS_OPEN_NUMBERS,"[""EVENT_LOSS"", ""GENERATION_SHORTFALL""]","[""CASE_STUDY_ONLY"", ""PRIMARY_BENCHMARK_CANDIDATE""]","DIRECT physical-damage case: $8-9M estimated loss; 84% of plant capacity knocked out; 1,127 acres burned; 250 MW plant. Cause-coding ambiguous — likely bird/electrical-arc ignition on-site rather than an exogenous wildfire spreading into the site; no module damage reported, only poles/cabling.",ENDOGENOUS_ASSET_ORIGINATED_FIRE,"$8-9M estimated loss; 84% capacity knocked out; 1,127 acres burned; 250 MW nameplate capacity.","Confirmed cause-of-ignition classification (equipment/avian-arc vs true exogenous wildfire spread); MW-normalized $/MW figure (250 MW denominator exists but 84%-capacity-affected vs total-site-value basis is unclear); module-level damage breakdown (poles/cabling only, per source).",https://en.wikipedia.org/wiki/California_Valley_Solar_Ranch,2026-07-10,"CAUSE_CODING_AMBIGUOUS: likely avian/electrical-arc ignition, not classic exogenous wildfire-into-site. $8-9M / 250MW implies ~$32-36k/MW if naively divided, but this is a derived sensitivity, not a stated per-MW figure, and the damage was concentrated in poles/cabling (not module loss) — flag any derived $/MW clearly as illustrative."
DEPCOM_KERN_COUNTY_2020,"DEPCOM Power case study — unnamed 20 MW plant, Kern County, CA, wildfire recovery",om_contractor_case_study,HAS_OPEN_NUMBERS,"[""EVENT_LOSS"", ""COMPONENT_COST"", ""BI_DOWNTIME""]","[""CASE_STUDY_ONLY"", ""SECONDARY_BENCHMARK""]","$2.6M + $1.4M restoration savings; $1.2M (or $400K, source-inconsistent) avoided lost revenue; 60 days faster restoration versus a competitor baseline; ~1,000 modules destroyed. This is a savings-vs-competitor framing, not a gross incurred loss figure.",EXOGENOUS_WILDFIRE_DIRECT,"$2.6M + $1.4M restoration cost savings (vs. competitor baseline); $1.2M avoided lost revenue (also cited elsewhere in the same case study as $400K — internally inconsistent); 60 days faster restoration; ~1,000 modules destroyed; 20 MW plant.","A clean gross-incurred-loss figure (only savings-vs-competitor and avoided-loss framing given, which are not the same as incurred damage); reconciliation of the $1.2M vs $400K avoided-revenue inconsistency.",https://www.depcompower.com/,2026-07-10,"Source is internally inconsistent on the avoided-revenue figure ($1.2M vs $400K cited in different places) — carry both, flagged. Savings/avoided-loss framing is NOT the same metric family as a gross incurred loss; do not treat as a clean severity benchmark."
CANYON_FIRE_2_GRID_2017,"Canyon Fire 2 grid/solar trip, Anaheim Hills, Orange County, CA",named_event_case_study,HAS_GATED_NUMBERS,"[""GENERATION_SHORTFALL""]","[""CASE_STUDY_ONLY""]","~900 MW of solar capacity tripped off near-instantaneously due to a subcycle overvoltage fault triggered by the fire — a grid/inverter-trip event, not physical burn damage. Figure is uncited on its source (Wikipedia) and should be treated as unverified/gated pending primary-source confirmation.",EXOGENOUS_WILDFIRE_DIRECT,~900 MW of solar capacity tripped off near-instantaneously (subcycle overvoltage fault).,Primary-source citation for the 900 MW figure (currently only found uncited on a secondary reference page); any dollar-loss or duration figure for the trip event.,https://en.wikipedia.org/wiki/2017_California_wildfires,2026-07-10,"This is a grid-stability/inverter-trip event (momentary generation loss), fundamentally different from physical fire damage to equipment — do not conflate with DIRECT physical-damage figures. Source citation is weak (uncited secondary reference)."
WELLINGTON_NORTH_FIRE_2025,"Wellington North Solar Farm (Lightsource bp) fire, NSW, Australia",named_event_case_study,HAS_OPEN_NUMBERS,"[""GENERATION_SHORTFALL""]","[""CASE_STUDY_ONLY""]",400-425 MW farm; 92 ha grass fire on-site; operating at ~90% capacity post-fire; no damage to major equipment reported. Illustrates a case where a fire event caused minimal-to-no physical loss.,EXOGENOUS_WILDFIRE_DIRECT,400-425 MW farm; 92 ha grass fire; operating at ~90% capacity post-fire; no major equipment damage reported.,Any dollar figure (none disclosed); confirmation of exact capacity (400 vs 425 MW cited variously).,https://reneweconomy.com.au/,2026-07-10,"A near-zero-physical-loss case despite a fire event on-site — useful as a lower-bound anchor alongside VALDORA_SOLAR_ZERO_LOSS_2022-style zero-loss anchors in the flood dossier, but no $ figure exists to record as a benchmark row."
BERYL_SOLAR_FIRE_2023,"Beryl Solar Farm (RES Australia / Banpu Energy) fire, Gulgong, NSW",named_event_case_study,NO_DIRECT_RENEWABLE_NUMBERS_FOUND,[],"[""CASE_STUDY_ONLY""]",110 MW farm; fire burned under panels; site fully shut down and isolated; no dollar or downtime figure disclosed.,EXOGENOUS_WILDFIRE_DIRECT,110 MW farm; fire burned under panels; site shut down/isolated.,"Any dollar, downtime, or damage-extent figure.",https://reneweconomy.com.au/,2026-07-10,"No open numeric data beyond MW capacity and a qualitative description — included for completeness of the named-event catalog, not usable as a benchmark."
RAYWOOD_SOLAR_FIRE_2025,"Raywood Solar Farm (Sungrow) inverter fire, Victoria, Australia",named_event_case_study,HAS_OPEN_NUMBERS,"[""BI_DOWNTIME""]","[""CASE_STUDY_ONLY""]","20 MW farm; fire broke out in a Sungrow inverter and spread a short way into long grass under the panels; forced regulatory shutdown until vegetation is cut back below 100mm. Equipment-origin ignition that then threatens to spread as a fire (PV-as-ignition-source), the inverse of wildfire-into-site — noted but kept scope-separate.",ENDOGENOUS_ASSET_ORIGINATED_FIRE,"20 MW capacity; fire started in inverter, spread into grass under panels; ten fire units responded ~5:50pm, under control by 8:30pm; forced shutdown until vegetation managed below 100mm.",Any dollar figure (revenue loss during outage undisclosed); precise duration of the shutdown as of retrieval.,https://reneweconomy.com.au/victoria-solar-farm-shut-down-after-fire-in-on-site-inverters-must-mow-grass/,2026-07-10,"CAUSE_CODING_AMBIGUOUS: this is PV-equipment-as-ignition-source (inverter fire spreading to vegetation), the inverse of the canonical wildfire-into-site peril — must not be relabeled as exogenous wildfire damage."
MANNUM_SOLAR_FIRE_2024,"Mannum 2 Solar Farm (Epic Energy) inverter fire, South Australia",named_event_case_study,HAS_OPEN_NUMBERS,"[""EVENT_LOSS"", ""COMPONENT_COST""]","[""CASE_STUDY_ONLY"", ""SECONDARY_BENCHMARK""]","~$250,000 damage estimate (currency unconfirmed, likely AUD) from an inverter-in-shipping-container fire; crews kept the fire contained to the shipping container, preventing spread to nearby panels; one contractor injured. Equipment-origin, not wildfire-into-site.",ENDOGENOUS_ASSET_ORIGINATED_FIRE,"~$250,000 damage bill estimate; fire contained to shipping container (did not spread to panels); 1 contractor injured; project was being commissioned at the time.","MW capacity of the Mannum 2 project (not stated in source, so no per-MW normalization possible); confirmed currency (AUD assumed, unconfirmed).",https://www.cfs.sa.gov.au/news-media/media-alerts/mannum-solar-farm-fire-9-january-2024/,2026-07-10,"CAUSE_CODING_AMBIGUOUS: containerized-inverter/BESS-adjacent equipment fire, not an exogenous wildfire burning into the site — useful only as a lower-bound severity anchor for equipment-fire losses, not a wildfire-into-site DIRECT benchmark. Currency (AUD) unconfirmed but implied by South Australian source."
ENERGY_SAFE_VIC_5_FARMS_2025,Energy Safe Victoria — 5 Sungrow-owned solar farms shut down over bushfire/vegetation risk,government_regulator_action,HAS_OPEN_NUMBERS,"[""BI_DOWNTIME""]","[""CASE_STUDY_ONLY""]","Regulatory order to cease generation at 5 Sungrow-owned farms (Raywood, Goornong, Ledcourt, Stawell, Moolort) effective 22 Feb 2025, citing vegetation-management/bushfire-ignition risk following the Raywood fire; no dollar figure disclosed; regulatory/preventive shutdown, not a realized loss.",EXOGENOUS_WILDFIRE_DIRECT,"5 solar farms ordered to cease generating electricity, effective midday 22 Feb 2025; shutdown to remain until Energy Safe is satisfied vegetation is managed appropriately; no aggregate MW figure for the 5-farm group disclosed (only Raywood's 20 MW known).",Any dollar figure for lost revenue during the shutdown; aggregate MW capacity across all 5 farms; final shutdown-end date as of retrieval.,https://www.energysafe.vic.gov.au/media-centre/news/energy-safe-victoria-switches-5-solar-farms-over-bushfire-concerns,2026-07-10,"Regulatory/preventive shutdown due to vegetation-management-driven bushfire-ignition risk, not an incurred physical-damage loss — valuable frequency/regulatory context, not a severity benchmark."
CAISO_2020_SMOKE_EIA_REUTERS,2020 California wildfire smoke — CAISO solar generation drop (Reuters/EIA),wire_press_citing_federal_agency,HAS_OPEN_NUMBERS,"[""SOILING_LOSS"", ""GENERATION_SHORTFALL""]","[""PRIMARY_BENCHMARK_CANDIDATE"", ""SECONDARY_BENCHMARK""]",SMOKE-SOILING scope: ~30% generation drop vs. the July 2020 average; 13.4% year-over-year decline in the first half of September 2020 despite +659 MW / +5% utility-scale capacity growth in California.,SMOKE_SOILING_GENERATION,~30% generation drop vs. July 2020 average; 13.4% YoY decline (1st half Sept 2020) despite +659 MW (+5%) capacity growth.,Site-level (vs. CAISO-system-level) generation-loss figures; $ revenue translation.,https://www.reuters.com/business/environment/wildfire-smoke-slashes-solar-energy-production-california-2020-09-30/,2026-07-10,"SMOKE-SOILING scope strictly — a system-wide CAISO aggregate, not a per-site or per-MW figure; cross-corroborated by NREL_WILDFIRE_CAISO_TECH_REPORT_2023 and DOE/FEMP figures for the same 2020 season."
NREL_WILDFIRE_CAISO_TECH_REPORT_2023,"NREL — 'Impact of Wildfires on Solar Generation, Reserves and Energy Prices' (technical report, CAISO focus)",government_lab_technical_report,HAS_OPEN_NUMBERS,"[""SOILING_LOSS"", ""GENERATION_SHORTFALL"", ""SMOKE_AOD""]","[""PRIMARY_BENCHMARK_CANDIDATE""]","SMOKE-SOILING scope: ~450 MW average generation decrease in September 2020; up to 7.7% monthly PV generation reduction; operating reserve requirements up 53-64%; AOD increase from ~0.10 background to 0.53 peak in September; ~1,440,000 acres burned in CA in 2020.",SMOKE_SOILING_GENERATION,"~450 MW avg generation decrease Sept 2020; up to 7.7% monthly PV generation reduction; operating reserve +53% (2020 conditions) / +64% (enhanced/escalating wildfire scenario); AOD increase 0.14-0.46 above background ~0.10, peak 0.53 in September; ~1,440,000 acres burned in CA, 2020.",Per-site or per-project figures (this is a CAISO-system-level study); $ revenue translation.,https://www.nrel.gov/docs/fy23osti/86640.pdf,2026-07-10,"SMOKE-SOILING scope strictly. Note: this same NREL report is independently referenced as Source 14 in the R4 engineering file (NREL_WILDFIRE_SOLAR_GENERATION_RESERVES_PRICES) where direct PDF fetch failed and figures were snippet-derived (up to 7.7% monthly / 19% daily) — treat the two file entries as the same underlying report, cross-checking figures rather than double-counting as independent evidence."
NCAR_WILDFIRE_SMOKE_SOLAR_2020,"NCAR/UCAR study — smoke effect on California solar peak-hour output, 2020",government_lab_research_study,HAS_OPEN_NUMBERS,"[""SOILING_LOSS"", ""GENERATION_SHORTFALL""]","[""SECONDARY_BENCHMARK""]",SMOKE-SOILING scope: 10-30% peak-hour (noon-4pm) production decline on heavy-smoke days; <7% decline on low-smoke days; up to 50% below forecast in late-afternoon/evening on the smokiest days; 27% average below forecast on the smokiest days.,SMOKE_SOILING_GENERATION,10-30% peak-hour (noon-4pm) decline on heavy-smoke days; <7% decline on low-smoke days; up to 50% below forecast late-afternoon/evening; 27% average below forecast on smokiest days.,Per-site figures; $ revenue translation; MW capacity denominator.,https://ncar.ucar.edu/,2026-07-10,"SMOKE-SOILING scope strictly; California-wide/regional aggregate, time-of-day-stratified figures, not per-project."
AMPERON_AEMO_BUSHFIRE_2019_2020,"Amperon/AEMO study — 20 Australian solar farms, 2019-2020 bushfires",market_operator_research_study,HAS_OPEN_NUMBERS,"[""SOILING_LOSS"", ""GENERATION_SHORTFALL""]","[""SECONDARY_BENCHMARK""]","SMOKE-SOILING scope: mean 4.1% generation decrease across 20 Australian solar farms (Dec 2019-Jan 2020); regional breakdown: ACT 10.3%, NSW 4.1%, VIC 3.5%, SA 1.2%; individual sites: Mugga Lane Solar Park 12.0% (peak), Royalla Solar Farm 8.6%.",SMOKE_SOILING_GENERATION,"Mean 4.1% generation decrease (Dec 2019-Jan 2020) across 20 farms; regional breakdown: ACT 10.3%, NSW 4.1%, VIC 3.5%, SA 1.2%; Mugga Lane Solar Park 12.0% (peak); Royalla Solar Farm 8.6%.",$ revenue translation; individual-site breakdown beyond the two named examples.,https://www.aemo.com.au/,2026-07-10,"SMOKE-SOILING scope strictly; Australian bushfire season 2019-2020, cross-corroborates the US CAISO/NREL/NCAR figures for the same general magnitude range (single-digit to low-double-digit % generation loss, higher in peak-smoke sub-periods/regions)."
ENERGY_GOV_FEMP_PVROM_WILDFIRE,"DOE/FEMP — PVROM dataset, western US wildfire smoke impact on PV production",government_agency_report,HAS_OPEN_NUMBERS,"[""SOILING_LOSS"", ""GENERATION_SHORTFALL""]","[""PRIMARY_BENCHMARK_CANDIDATE""]","SMOKE-SOILING scope: 9.4%-37.8% measured power-production drop across PVROM sites in the western US; California statewide decline of 10-30%, up to 58% locally (September 2020). Also documents Class A fire rating guidance (UL 1703) relevant to DIRECT/mechanism scope.",SMOKE_SOILING_GENERATION,"9.4%-37.8% measured power-production drop (PVROM western US sites); CA statewide decline 10-30%, up to 58% locally (Sept 2020); Class A fire rating guidance per UL 1703 referenced.",$ revenue translation; per-site breakdown beyond the aggregate range.,https://www.energy.gov/eere/femp,2026-07-10,"SMOKE-SOILING figures (9.4-37.8% / 10-30% / up to 58%) strictly separate from the UL 1703 Class-A fire-rating guidance, which is a DIRECT/mechanism datum — this source spans both scopes and rows must be split accordingly. Cross-corroborated with the same 9.4-37.8% figure independently reported in R4 (OSTI_GILLETLY / DOE_FEMP_SOLAR_PV_WILDFIRE_HARDENING) — same underlying PVROM dataset, not independent confirmation."
KINGS_COUNTY_GRASS_FIRE_2023,"Kings County, CA solar panel field grass fire (ABC30/KFSN)",local_broadcast_news,NO_DIRECT_RENEWABLE_NUMBERS_FOUND,[],"[""CASE_STUDY_ONLY"", ""SCREENING_ONLY""]","267 acres burned near a solar panel field in Kings County, CA; cause under investigation; no solar farm name, MW capacity, or dollar figure disclosed.",EXOGENOUS_WILDFIRE_DIRECT,"~267 acres burned; location near Avenal cut-off road, Kings County, CA; cause under investigation.",Solar farm name; MW capacity; $ damage; equipment-loss detail.,https://abc30.com/post/investigation-grass-fire-solar-panel-farm-kings-county/13309207/,2026-07-10,"Illustrates the long tail of small, undisclosed grass-fire-at-solar-site incidents that never generate a quantified loss report — frequency-context only, not usable for $/MW normalization."
YANG_2015_MATERIALS_PV_FLAMMABILITY,Yang et al. 2015 — materials study of PV module flammability (cone calorimeter),peer_reviewed_engineering_study,HAS_OPEN_NUMBERS,"[""IGNITION_CHF""]","[""MECHANISM_ONLY"", ""PRIMARY_BENCHMARK_CANDIDATE""]","DIRECT mechanism scope: critical heat flux (CHF) = 26 kW/m^2 for PV module ignition (single-PV-cell module, cone calorimeter); ignition times 913s (at 28 kW/m^2) down to 83s (at 45 kW/m^2); total heat release 38-57 MJ/m^2; peak heat release rate 85 to 402 kW/m^2.",HAZARD_INTENSITY_ENGINEERING,CHF = 26 kW/m^2; ignition times 913s->83s (28->45 kW/m^2); total heat release 38-57 MJ/m^2; peak HRR 85->402 kW/m^2.,"Any financial/dollar figure — this is a pure materials-science mechanism study, not a loss dataset.",https://doi.org/10.1016/j.firesaf.2015.01.001 (approximate DOI path; verify via publisher),2026-07-10,"This is the most-cited open CHF figure for PV modules (26 kW/m^2), corroborated independently by WANG_WANG_ZHAO_SEMSC_2025_PVGLASS. DIRECT/mechanism scope only — no $ figures. This is a hazard-intensity mechanism datum (ignition threshold), not a loss benchmark; provides the physical basis for an intensity axis, not a dollar severity."
WANG_WANG_ZHAO_SEMSC_2025_PVGLASS,"Wang, Wang & Zhao 2025 (SEMSC) — PV glass ignition study",peer_reviewed_engineering_study,HAS_OPEN_NUMBERS,"[""IGNITION_CHF""]","[""MECHANISM_ONLY"", ""SECONDARY_BENCHMARK""]","DIRECT mechanism scope: CHF = 26 kW/m^2 for single-glass/double-glazed PV module, corroborating the Yang 2015 figure. Note: this is the closest verified real analog found for a target citation ('Wang 2025, Int J Thermal Sciences 209:109489') that could not itself be independently verified as stated.",HAZARD_INTENSITY_ENGINEERING,CHF = 26 kW/m^2 (single-glass/double-glazed PV module) — abstract-level extraction only.,Full-text verification beyond the abstract; confirmation this matches the originally-targeted 'Int J Thermal Sciences 209:109489' citation (flagged as unverified/possible mismatch).,https://www.semanticscholar.org/ (exact article URL pending verification),2026-07-10,"FLAGGED: could not verify the originally-requested citation ('Wang 2025, Int J Thermal Sciences 209:109489') as stated; this entry documents the closest verified real analog with an explicit discrepancy note, per the research file's own caveat. Corroborates Yang 2015's 26 kW/m^2 CHF figure independently."
SSRN_GLASS_PV_IGNITION_2024,SSRN preprint (2024) — glass/PV ignition and heat-transfer study,preprint_engineering_study,HAS_OPEN_NUMBERS,"[""IGNITION_CHF""]","[""MECHANISM_ONLY""]","DIRECT mechanism scope: qualitative ignition/heat-transfer findings only (abstract-level extraction), no additional quantified CHF beyond what is corroborated elsewhere. Flagged as the closest match found for a target citation ('Zhao 2026, Fire 9(2):62') that could not itself be verified as stated.",HAZARD_INTENSITY_ENGINEERING,Qualitative ignition/heat-transfer findings (abstract-level); no distinct new quantified figure beyond corroborating the ~26 kW/m^2 CHF range.,"Full-text quantified figures; confirmation this matches the originally-targeted 'Zhao 2026, Fire 9(2):62' citation (flagged as unverified/possible mismatch).",https://papers.ssrn.com/ (exact preprint URL pending verification),2026-07-10,"FLAGGED: could not verify the originally-requested citation ('Zhao 2026, Fire 9(2):62') as stated; documented as the closest verified real analog with an explicit discrepancy note."
ZHANG_2022_ENERGIES_XLPE_CABLE,Zhang et al. 2022 (Energies journal) — XLPE cable flammability study,peer_reviewed_engineering_study,HAS_OPEN_NUMBERS,"[""IGNITION_CHF""]","[""MECHANISM_ONLY"", ""SECONDARY_BENCHMARK""]","DIRECT mechanism scope: CHF = 16.24 kW/m^2 for XLPE cable (cone calorimeter) — notably lower than the ~26 kW/m^2 PV-module CHF, implying cabling may ignite before module glass in a real fire exposure. Ignition times 83.5s (at 20 kW/m^2) down to 13.3s (at 40 kW/m^2); thermal response parameter (TRP) = 325.7 kW*s^0.5/m^2.",HAZARD_INTENSITY_ENGINEERING,CHF = 16.24 kW/m^2; ignition times 83.5s->13.3s (20->40 kW/m^2); TRP = 325.7 kW*s^0.5/m^2.,Any financial/dollar figure; XLPE-cable-specific claims/loss data.,https://doi.org/10.3390/en15134693 (approximate DOI path for Energies journal article; verify via publisher),2026-07-10,"Cross-material comparison datum: cabling (16.24 kW/m^2 CHF) ignites at a lower heat flux than PV module glass (~26 kW/m^2), a mechanism-relevant finding for damage-curve sequencing, not a loss figure."
USFS_FSIM_RDS_2016_0034_3,"USFS Missoula Fire Sciences Lab — FSim national burn-probability + flame-length-probability dataset (270m), 3rd Edition",government_hazard_dataset,HAS_OPEN_NUMBERS,"[""BURN_PROBABILITY"", ""FLAME_LENGTH""]","[""DENOMINATOR_ONLY"", ""MECHANISM_ONLY""]","This is the canonical hazard-axis denominator named explicitly in the brief: 6 discrete flame-length-probability bins (FLP1: <2ft, FLP2: 2-4ft, FLP3: 4-6ft, FLP4: 6-8ft, FLP5: 8-12ft, FLP6: 12+ft), CONUS+AK+HI, 270m resolution, landscape conditions as of end of 2020 (3rd edition, 2023 publication). Pure probabilistic hazard-simulation output, no dollar-loss data.",EXPOSURE_DENOMINATOR,"Burn probability (BP) raster + 6 flame-length-probability bins: FLP1 <2ft, FLP2 2-4ft, FLP3 4-6ft, FLP4 6-8ft, FLP5 8-12ft, FLP6 12+ft; CONUS+AK+HI, 270m grid, landscape conditions end of 2020.",Any dollar-loss data of any kind; solar-facility attribute (requires independent GIS join against USPVDB).,https://www.fs.usda.gov/rds/archive/catalog/RDS-2016-0034-3,2026-07-10,"The canonical hazard-axis intensity variable (flame-length-probability bins) for any future solar-wildfire damage curve, analogous to flood-depth for flood_solar. Pure hazard/probability layer — DENOMINATOR_ONLY, no loss figures. Cross-referenced identically in R5 as source #4 (same dataset, exposure-research angle)."
FARSITE_BYRAM_FIRELINE_INTENSITY,FARSITE / Byram fireline-intensity to flame-length conversion formulas,engineering_methodology_reference,HAS_OPEN_NUMBERS,"[""FLAME_LENGTH""]","[""MECHANISM_ONLY""]","DIRECT mechanism scope: Byram's fireline intensity formula I_b = h*w*R/60 (kW/m); flame-length conversion L_f = 0.0775*I_b^0.46 (Byram) or 0.237*I_B^0.46 (Albini); CSIRO recalibration L_f = 0.04001*I_f^0.5846 (forest) / 0.03888*I_f^0.5111 (grassland). Formulas only, no site-specific loss data.",HAZARD_INTENSITY_ENGINEERING,"I_b = h*w*R/60 (Byram fireline intensity, kW/m); L_f = 0.0775*I_b^0.46 (Byram flame-length) / 0.237*I_B^0.46 (Albini); CSIRO: L_f = 0.04001*I_f^0.5846 (forest) / 0.03888*I_f^0.5111 (grassland).",Any dollar or loss figure; site-specific application to a solar facility.,https://www.fs.usda.gov/rmrs/ (FARSITE/BehavePlus documentation; exact PDF pending verification),2026-07-10,Pure engineering formula/methodology reference converting fireline intensity to flame length — the mechanistic link between the USFS_FSIM burn-probability/FLP hazard axis and a physical flame-length damage input. No financial figures.
NIST_TN_1796_WITCH_GUEJITO,NIST Technical Note 1796 — Witch and Guejito Fires forensic case study,government_forensic_technical_report,HAS_PATHWAY_ONLY,"[""DEFENSIBLE_SPACE""]","[""MECHANISM_ONLY""]","DIRECT mechanism scope, not PV-specific: 274 homes in the fire's path, 245 within the final perimeter, 74 destroyed / 16 damaged in the Rancho Bernardo area specifically; Witch Fire overall totals 1,125 destroyed / 77 damaged. Full quantitative tables were not re-extracted from the primary PDF in this research pass (relied on secondary program pages/news/slide decks) — flagged HAS_PATHWAY_ONLY/partial.",HAZARD_INTENSITY_ENGINEERING,"274 homes in fire path, 245 within final perimeter, 74 destroyed/16 damaged (Rancho Bernardo); Witch Fire overall: 1,125 destroyed/77 damaged.",Full primary-PDF quantitative tables (percentage/table-level figures) — recommend a follow-up direct fetch of the primary NIST TN 1796 PDF; any PV-specific application (this is a residential WUI case study).,https://www.nist.gov/publications/technical-note-1796,2026-07-10,"Not PV-specific — a residential wildland-urban-interface (WUI) home-survival forensic study; useful only as a defensible-space/structure-survival mechanism reference, not a solar loss benchmark. Flagged HAS_PATHWAY_ONLY pending primary-PDF re-fetch for exact table figures."
NIST_TN_2228_FENCES_MULCH,NIST Technical Note 2228 — fences and mulch WUI fire-spread experiments,government_forensic_technical_report,HAS_OPEN_NUMBERS,"[""DEFENSIBLE_SPACE""]","[""MECHANISM_ONLY""]","DIRECT mechanism scope, not PV-specific: 187 experiments; fences spaced 91cm (3ft) apart still produced large flames, indicating close-spaced combustible fencing does not reliably prevent fire spread. Full quantitative tables not re-extracted from primary PDF in this pass.",HAZARD_INTENSITY_ENGINEERING,187 experiments; fences 91cm (3ft) apart still produced large flames.,Full primary-PDF quantitative tables; any PV-specific application.,https://www.nist.gov/publications/technical-note-2228,2026-07-10,"Not PV-specific — WUI fire-spread mechanism reference (fences/mulch as fire-spread pathways), useful for understanding defensible-space/setback effectiveness limits, not a solar loss benchmark."
NIST_TN_2205_HMM_METHODOLOGY,NIST Technical Note 2205 — Hazard Mitigation Methodology (HMM) for WUI structures,government_forensic_technical_report,HAS_OPEN_NUMBERS,"[""DEFENSIBLE_SPACE""]","[""MECHANISM_ONLY""]","DIRECT mechanism scope, not PV-specific: catalogs 40 vulnerabilities and 57 hardening options across 8 categories; Structure Separation Distance bands: Low Density >50ft, Moderate 25-50ft, High <25ft.",HAZARD_INTENSITY_ENGINEERING,"40 vulnerabilities; 57 hardening options; 8 categories; Structure Separation Distance bands: Low Density >50ft, Moderate 25-50ft, High <25ft.",Any PV-specific hardening checklist; dollar figures for implementing hardening options.,https://www.nist.gov/publications/technical-note-2205,2026-07-10,"Not PV-specific — a general WUI structure-hardening methodology; the separation-distance bands are a useful mechanism/mitigation-state reference for a future solar-wildfire hardening checklist, not a loss benchmark."
COHEN_2000_HOME_IGNITABILITY,Cohen 2000 — home ignitability and radiant heat flux modeling (SIAM),peer_reviewed_engineering_study,HAS_OPEN_NUMBERS,"[""IGNITION_CHF"", ""DEFENSIBLE_SPACE""]","[""MECHANISM_ONLY""]","DIRECT mechanism scope, not PV-specific: 20m x 50m flame-front model (SIAM); ignition not observed beyond 40m; at 40m, heat flux <20 kW/m^2 with minimum ignition time >10 minutes; minimum piloted ignition flux = 13 kW/m^2; flux-time ignition threshold = 11,500 (flux^2 * time, dimensionless SIAM correlation); structure survival rate 70% (nonflammable roof) vs 19% (flammable roof) per Foote 1994 as cited in Cohen 2000; 86% survival with >=10m clearance.",HAZARD_INTENSITY_ENGINEERING,"Heat flux <20 kW/m^2 at 40m; min ignition time >10min at that distance; min piloted ignition flux = 13 kW/m^2; flux-time threshold = 11,500; survival 70% (nonflammable roof) vs 19% (flammable roof); 86% survival with >=10m clearance.",Any PV-module-specific ignition threshold at distance; dollar figures.,https://www.fs.usda.gov/rm/pubs_other/rmrs_2000_cohen_j001.pdf,2026-07-10,"Not PV-specific — a wood-frame-home ignitability/distance-screening reference. Useful as a generic minimum-piloted-ignition-flux cross-check (13 kW/m^2) against the PV-material CHF figures (26 kW/m^2 module, 16.24 kW/m^2 cable) from Yang/Zhang, but structure type differs materially from solar hardware."
SYPHARD_2014_DEFENSIBLE_SPACE,"Syphard et al. 2014 — defensible-space effectiveness study, San Diego County",peer_reviewed_engineering_study,HAS_OPEN_NUMBERS,"[""DEFENSIBLE_SPACE""]","[""MECHANISM_ONLY""]","DIRECT mechanism scope, not PV-specific: effective defensible space found at 5-20m (never more than 30m of benefit observed); up to 40% woody-cover clearance effective; 60% cover retention still found effective; dataset of 687,869 homes, 4,315 destroyed 2001-2010 in San Diego County, matched sample of 1,000 destroyed + 1,000 surviving homes.",HAZARD_INTENSITY_ENGINEERING,"Effective defensible space 5-20m (max useful ~30m); up to 40% woody-cover clearance effective; 60% cover retention still effective; dataset: 687,869 homes, 4,315 destroyed (2001-2010, San Diego Co.), matched sample 1,000+1,000.",Any PV-specific defensible-space standard; dollar figures.,https://doi.org/10.1371/journal.pone.0081048,2026-07-10,"Not PV-specific — a residential defensible-space effectiveness study; the 5-20m effective-distance finding is a useful mechanism/mitigation-state reference for evaluating vegetation-management standards at solar sites (directly relevant to the Australian inverter-fire/vegetation-management cluster in R3), not a loss benchmark."
DOE_FEMP_SOLAR_PV_WILDFIRE_HARDENING,DOE/FEMP — solar PV wildfire-hardening guidance,government_agency_report,HAS_OPEN_NUMBERS,"[""IGNITION_CHF"", ""COMPONENT_COST"", ""SOILING_LOSS"", ""GENERATION_SHORTFALL""]","[""MECHANISM_ONLY"", ""SECONDARY_BENCHMARK""]","BOTH DIRECT and SMOKE-SOILING content (kept as separate rows/metric families). DIRECT: forest-fire temperatures ~1,470F (up to 2,000F in extreme conditions); material melting points (aluminum 1,220F, silicon 2,580F, silver 1,760F, glass 3,092F, steel 2,700F with 1,000F structural-failure onset); UL 1703 fire ratings Class A (10min @ ~1,400F, flame spread <=6ft) / Class B (10min, <=8ft) / Class C (4min, <=13ft); backsheet thickness 250-370 microns recommended >=300 microns; $16,000 anecdotal single-inverter replacement cost (200kW rooftop system, explicitly NOT a claims-based benchmark). SMOKE-SOILING (same source, separate rows): 9.4-37.8% production drop (PVROM, matches R3/OSTI figure); CA Sept 2020 10-30% statewide, up to 58% locally.",HAZARD_INTENSITY_ENGINEERING,"Forest-fire temps ~1,470F (up to 2,000F extreme); melt points: Al 1,220F, Si 2,580F, Ag 1,760F, glass 3,092F, steel 2,700F (1,000F structural failure onset); UL1703 Class A (10min@~1,400F,<=6ft)/B(10min,<=8ft)/C(4min,<=13ft); backsheet 250-370 microns, recommend >=300; $16,000 anecdotal inverter replacement (200kW rooftop); SMOKE-SOILING: 9.4-37.8% production drop (PVROM); CA Sept 2020: 10-30% statewide, up to 58% local.",A claims-based (vs. anecdotal) component-replacement cost; any AAL/PML solar-wildfire figure.,https://www.energy.gov/eere/femp/ (exact hardening-guidance PDF pending verification),2026-07-10,"The $16,000 anecdotal inverter-replacement figure is explicitly NOT a claims-based benchmark (single anecdotal data point, residential/small-commercial rooftop, not utility-scale) — must be flagged as such wherever cited. DIRECT (material/thermal/UL) and SMOKE-SOILING (9.4-37.8%/10-30%/58%) rows must be kept separate; the SMOKE-SOILING figures duplicate the same underlying PVROM dataset as OSTI_GILLETLY_WILDFIRE_PV_PRODUCTION_REGRESSION and ENERGY_GOV_FEMP_PVROM_WILDFIRE — not independent corroboration."
OSTI_GILLETLY_WILDFIRE_PV_PRODUCTION_REGRESSION,Gilletly/Jackson/Staid (OSTI/Sandia) — wildfire smoke PV production regression study,government_lab_peer_reviewed_study,HAS_OPEN_NUMBERS,"[""SOILING_LOSS"", ""GENERATION_SHORTFALL""]","[""PRIMARY_BENCHMARK_CANDIDATE""]","SMOKE-SOILING scope, primary benchmark candidate: PM2.5 concentrations of 50-200 ug/m^3 associated with 9.4%-37.8% reduction in normalized PV production; regression fit R^2=0.6732, RMSE=0.099; sample of 68 eligible sites (52 utility-scale + 16 distributed) across AZ/CA/ID/OR/UT; covers the 2018 Mendocino Complex (459,123 acres) and Camp Fire (153,336 acres) events.",SMOKE_SOILING_GENERATION,"9.4%-37.8% reduction in normalized production at PM2.5 50-200 ug/m^3; R^2=0.6732, RMSE=0.099; 68 eligible sites (52 utility + 16 distributed), AZ/CA/ID/OR/UT; events: 2018 Mendocino Complex (459,123 acres), Camp Fire (153,336 acres).",Per-site (vs. pooled-regression) production-loss figures; $ revenue translation.,https://www.osti.gov/biblio/ (exact OSTI record ID pending verification),2026-07-10,"SMOKE-SOILING scope strictly; this is the PRIMARY quantified, peer-reviewed, utility-scale-inclusive open benchmark for smoke-driven PV generation shortfall (regression-fit, not anecdotal) — the same 9.4-37.8% figure is echoed (not independently re-derived) in ENERGY_GOV_FEMP_PVROM_WILDFIRE and DOE_FEMP_SOLAR_PV_WILDFIRE_HARDENING, all drawing on the same underlying PVROM dataset."
NREL_WILDFIRE_SOLAR_GENERATION_RESERVES_PRICES,"NREL — 'Impact of Wildfires on Solar Generation, Reserves, and Energy Prices' (snippet/webinar-derived extraction)",government_lab_technical_report,HAS_OPEN_NUMBERS,"[""GENERATION_SHORTFALL""]","[""SECONDARY_BENCHMARK""]","SMOKE-SOILING scope: 2020 wildfires caused up to 7.7% decrease in monthly PV generation (Sept most affected); +0.4%/+1.3% additional reductions in enhanced-wildfire/increased-PV-deployment scenarios; up to 5% (current conditions) / 6% (escalating-wildfire scenario) PV generation reduction alongside 53%/64% operating-reserve increases; webinar transcript cites daily PV generation reduction up to 19%. Direct PDF fetch failed (DNS error) in the research session; figures are snippet/webinar-transcript derived, flagged medium confidence pending re-fetch.",SMOKE_SOILING_GENERATION,Up to 7.7% monthly PV generation decrease (Sept 2020 worst month); +0.4%/+1.3% additional reduction (enhanced wildfire/increased PV deployment scenarios); up to 5-6% PV generation reduction with 53-64% operating-reserve increase; up to 19% daily PV generation reduction (webinar transcript).,Independent primary-PDF verification (fetch failed with DNS error in-session); $/MWh or revenue translation; AOD/soiling-ratio mechanism detail.,https://www.nrel.gov/docs/fy23osti/86640.pdf,2026-07-10,MEDIUM CONFIDENCE flagged: primary PDF could not be directly re-fetched in the research session (DNS error); figures rely on search-snippet + webinar-transcript corroboration. This is the SAME underlying NREL report as NREL_WILDFIRE_CAISO_TECH_REPORT_2023 (R3 entry) — cross-check rather than treat as independent corroboration; the 7.7% monthly figure matches across both entries.
NATURE_COMMS_2025_SMOKE_SOLAR_RESOURCE_CONUS,"Colorado State University study — solar resource availability under wildfire smoke, CONUS (Nature Communications, 2025)",peer_reviewed_journal_article,HAS_OPEN_NUMBERS,"[""SOILING_LOSS"", ""SMOKE_AOD""]","[""SECONDARY_BENCHMARK""]","SMOKE-SOILING scope, bounding/moderating counterpoint: confirms solar resource declines substantially under local optically-thick smoke (no specific % given for this regime in the extracted text), but transported/dilute smoke that extends across CONUS only minimally affects baseline monthly-mean GHI — decreases from transported smoke are only about 5%, and in some places less than 2%, versus the average in low-smoke years.",SMOKE_SOILING_GENERATION,~2-5% decrease in baseline monthly-mean GHI from transported/dilute smoke vs. low-smoke-year average (CONUS-wide); qualitative confirmation of 'substantial' declines under local optically-thick smoke (no specific % given).,A specific numeric bound for the 'local optically thick smoke' regime (described only qualitatively as 'large reductions'); PV-output-specific (vs. GHI-resource-specific) figure; $ translation.,https://pmc.ncbi.nlm.nih.gov/articles/PMC11697297/,2026-07-10,"SMOKE-SOILING scope strictly. Critical scoping/bounding datum: shows the large (9-38%, up to 58% locally) SMOKE-SOILING figures from Gilletly/NREL/DOE-FEMP are event-proximate/local-smoke-specific, while the far more common regional-haze/transported-smoke exposure has a much smaller (~2-5%) baseline impact — the two regimes must not be conflated into a single point estimate."
NREL_PV_OM_BEST_PRACTICES,"NREL/Sandia/SunSpec — 'Best Practices in Photovoltaic System Operations and Maintenance', 2nd Edition",government_lab_industry_consortium_report,NO_DIRECT_RENEWABLE_NUMBERS_FOUND,"[""DENOMINATOR""]","[""DENOMINATOR_ONLY""]","Zero wildfire, fire, or smoke content anywhere in this source (confirmed explicitly by extraction: 'No wildfire-related content is stated on the page'). Included only because the brief explicitly named it as a target for generic asset-decomposition/subsystem cost-share denominator context: O&M cost ~0.5%/year of system initial cost (large systems) / ~1%/year (small systems); ~25-year typical asset life; 100kW ground-mount fixed-tilt subsystem O&M cost breakdown (Inverter 31%, Cleaning/Vegetation 19%, PV Array 13%, Electrical 10%, Documents 8%, DC Wiring 5%, Mechanical 4%, PV Module 7%, AC Wiring 1%, Asset Management 2%, Monitoring/Meter 0%); comprehensive O&M raises performance 91%->95% average (83%->94% for underperforming lowest-quartile systems); 2020 residential O&M benchmark $28.94/kWdc/yr; broader guide cites $0-$40/kW/yr range, recommending standardization toward ~$10/kW/yr.",EXPOSURE_DENOMINATOR,"O&M cost ~0.5%/yr (large systems) / ~1%/yr (small systems) of initial cost; ~25-yr asset life; 100kW fixed-tilt O&M cost breakdown by subsystem (Inverter 31%, Cleaning/Vegetation 19%, PV Array 13%, Electrical 10%, Documents 8%, DC Wiring 5%, Mechanical 4%, PV Module 7%, AC Wiring 1%, Asset Mgmt 2%, Monitoring 0%); performance uplift 91%->95% (83%->94% underperforming); 2020 residential benchmark $28.94/kWdc/yr; broader range $0-$40/kW/yr, recommend ~$10/kW/yr.","Any wildfire, fire, or smoke content whatsoever — confirmed absent from this source.",https://docs.nrel.gov/docs/fy17osti/68281.pdf,2026-07-10,"MUST NOT be cited as a wildfire mechanism source — contains zero fire/wildfire/smoke content. Included solely as the generic asset-decomposition/subsystem-cost-share denominator context the brief explicitly requested (e.g., inverter = 31% of O&M cost share), useful background for later damage-curve subsystem weighting, not wildfire evidence itself."
USPVDB_V4_2026,"United States Large-Scale Solar Photovoltaic Database (USPVDB), version 4.0",exposure_denominator_dataset,HAS_OPEN_NUMBERS,"[""DENOMINATOR""]","[""DENOMINATOR_ONLY""]","Primary source population (facility polygons + AC/DC capacity, MW) to spatially intersect with wildfire-hazard-potential/burn-probability layers, producing the GW-in-high-wildfire-risk-zone denominator. 6,611 solar projects, 131,573 MW AC total rated capacity (v4.0, April 2026); prior versions: v3.0 (April 2025) 5,712 facilities; v1.0 (~2021) 3,699 facilities.",EXPOSURE_DENOMINATOR,"6,611 solar projects, 131,573 MW AC total rated capacity, 49 states + DC (v4.0, April 2026); v3.0 (April 2025): 5,712 facilities; v1.0: 3,699 facilities (47 states + DC, through end of 2021).","No dollar value/TIV per facility (must be joined with the internal value-basis workbook, $1,120,000/MWdc installed TIV per the shared brief); no field verification; no wildfire-hazard attribute pre-joined (requires independent GIS overlay against USFS WHP/FSim or CAL FIRE FHSZ layers).",https://energy.usgs.gov/uspvdb/,2026-07-10,"The single most important exposure source for this pair — provides the facility-level MW denominator population, but carries zero wildfire-hazard or dollar-value attributes natively; a GIS join against source USFS_WHP_WRC_2024 / USFS_FSIM_RDS_2016_0034_3 / SOLAR_FHSZ_PROJECT_LEVEL_SCREENING would be required to produce a systematic GW-in-wildfire-risk-zone figure, which does not yet exist openly."
EIA_860_ANNUAL,Form EIA-860 'Annual Electric Generator Report' (+ EIA-860M monthly update; EPM Table 6.1),exposure_denominator_federal_survey,HAS_OPEN_NUMBERS,"[""DENOMINATOR""]","[""DENOMINATOR_ONLY""]","Secondary/cross-check denominator for state-level utility solar capacity (especially CA, TX, and other Western states with elevated wildfire hazard); underlying raw generator registry from which USPVDB is itself built. National total solar PV (utility+small-scale): 212,492.4 MW net summer capacity (Jan 2026), of which 152,542.3 MW utility-scale; California utility-scale solar ~13,000+ MW (June 2020); California small-scale solar 9,800 MW (mid-2020).",EXPOSURE_DENOMINATOR,"212,492.4 MW total solar PV net summer capacity (Jan 2026: 152,542.3 MW utility + 59,950.1 MW small-scale); CA utility-scale ~13,000+ MW (June 2020); CA small-scale 9,800 MW (mid-2020); 2016 total 32,958 MW; 2017 total 41,356.8 MW.",No wildfire-hazard attribute; no risk-zone geocoding beyond plant lat/long (not pre-joined); no $ value data (capacity only).,https://www.eia.gov/electricity/data/eia860/,2026-07-10,"EIA-860 is the underlying raw generator registry from which USPVDB is built (not independent of source #1) — treat as a cross-check/more-frequently-updated companion, not a fully separate denominator source."
USFS_WHP_WRC_2024,"Wildfire Risk to Communities — national spatial datasets (Wildfire Hazard Potential, Burn Probability, Conditional Flame Length, Flame Length Exceedance Probability), 2024 version",exposure_hazard_layer_dataset,HAS_OPEN_NUMBERS,"[""DENOMINATOR"", ""BURN_PROBABILITY"", ""FLAME_LENGTH""]","[""DENOMINATOR_ONLY""]","National hazard-axis raster (30m resolution: annual burn probability 0-0.14, conditional flame length 0-861.7ft, flame-length-exceedance probability at 4ft/8ft thresholds) to spatially join against USPVDB polygons, producing per-facility or aggregate wildfire-hazard exposure scores/GW totals by hazard bin. Community/landscape-scale product, not locally calibrated; landscape conditions as of end of 2020.",EXPOSURE_DENOMINATOR,"Burn probability (BP) 0-0.14, 30m resolution; conditional flame length (CFL) 0-861.7 ft, 30m; flame-length exceedance probability at 4ft (FLEP4) and 8ft (FLEP8) thresholds; landscape conditions as of end of 2020.",No solar-facility attribute; no pre-built overlay product joining this hazard layer to USPVDB or EIA-860 solar sites was found in open literature (requires custom GIS join); no dollar-loss information whatsoever.,https://www.fs.usda.gov/managing-land/fire/wildfirerisk,2026-07-10,"30m community-risk-oriented derivative of the coarser 270m national FSim burn-probability/FLP raster (USFS_FSIM_RDS_2016_0034_3) — same underlying FSim engine, different resolution/purpose. Explicitly 'not locally calibrated... best for considering risk as aggregated across a community rather than at the local, neighborhood, or individual home scale.'"
USFS_FSIM_RDS_2016_0034_3_R5,"Spatial datasets of probabilistic wildfire risk components for the United States (270m), 3rd Edition — cross-referenced in R5 exposure context",hazard_axis_denominator_dataset,HAS_OPEN_NUMBERS,"[""DENOMINATOR"", ""BURN_PROBABILITY"", ""FLAME_LENGTH""]","[""DENOMINATOR_ONLY""]","The exact dataset requested in the brief as the hazard-axis denominator: 6 discrete flame-length-probability bins (FLP1-FLP6), CONUS+AK+HI, 270m grid, landscape conditions as of end of 2020 (3rd edition, 2023 publication). Same underlying dataset as the R4 entry USFS_FSIM_RDS_2016_0034_3 (engineering/mechanism angle); this R5 entry documents its exposure/denominator role and version lineage (1st ed. 2016 CONUS-only -> 2nd ed. Short et al. 2020 adds AK/HI -> 3rd ed. 2023).",EXPOSURE_DENOMINATOR,"Burn probability (raster, per-270m-pixel annual probability) + 6 flame-length-probability bins: FLP1 <2ft, FLP2 2-4ft, FLP3 4-6ft, FLP4 6-8ft, FLP5 8-12ft, FLP6 12+ft; CONUS+AK+HI, landscape conditions end of 2020, 3rd edition (RDS-2016-0034-3).",No dollar-loss data of any kind; no solar-facility attribute; no pre-computed join against USPVDB was found publicly.,https://www.fs.usda.gov/rds/archive/catalog/RDS-2016-0034-3,2026-07-10,DUPLICATE-BY-DESIGN cross-reference: this is the SAME underlying dataset as the R4 registry entry USFS_FSIM_RDS_2016_0034_3 — retained as a separate registry row (suffixed _R5) only to preserve the R5 file's distinct exposure/denominator framing and its version-lineage detail (1st/2nd/3rd edition history); do not double-count as independent evidence in the source_matrix or benchmark rows beyond noting the cross-reference.
SOLAR_FHSZ_PROJECT_LEVEL_SCREENING,CAL FIRE Fire Hazard Severity Zone (FHSZ) Viewer + individual utility-scale solar project environmental review documents,exposure_screening_project_level,HAS_OPEN_NUMBERS,"[""DENOMINATOR""]","[""SCREENING_ONLY""]","Illustrative, real-world confirmation that utility-scale solar projects are sited within CAL FIRE High/Very-High FHSZ zones, and a template for how a future systematic GW-in-FHSZ overlay could be constructed. Example: a 643-acre utility solar footprint (unnamed San Diego County project) explicitly geo-classified as majority High FHSZ, partially Moderate and Very High, per CAL FIRE 2007a data; Jacumba Solar cited as sited in High and Very High FHSZ.",EXPOSURE_DENOMINATOR,"643 acres (single project footprint, majority High FHSZ, portion Moderate, small portion Very High, per CAL FIRE 2007a); Jacumba Solar project sited in High and Very High FHSZ zones (CAL FIRE FRAP 2014).","No statewide or national aggregation of 'GW of solar capacity in FHSZ Very-High/High zones' was located as a published, open, ready-made figure; no systematic USPVDB x FHSZ overlay study found in open literature.",https://osfm.fire.ca.gov/what-we-do/community-wildfire-preparedness-and-mitigation/fire-hazard-severity-zones,2026-07-10,"Explicitly downgraded to SCREENING_ONLY because it is anecdotal/project-level (acreage, not MW; not systematically compiled across all CA utility solar), not a systematic portfolio-wide GW total. A rigorous exposure figure would require an original GIS overlay of USPVDB against the CAL FIRE FHSZ layer — flagged as a data-request/DIY-GIS pathway, not fabricated."
NIFC_WILDFIRES_ACRES,National Interagency Fire Center — 'Wildfires and Acres' annual statistics,generic_public_loss_hazard,GENERIC_ONLY,"[""DENOMINATOR""]","[""GENERIC_ONLY"", ""DENOMINATOR_ONLY""]","Pure context — establishes the scale of annual U.S. wildfire activity (frequency and acreage) against which any solar-specific claims frequency should be sanity-checked as an order-of-magnitude cross-check, never as a substitute benchmark. Zero linkage to solar assets, property value, or dollar loss.",EXPOSURE_DENOMINATOR,"2025: 77,850 fires, 5,131,474 acres; 2024: 64,897 fires, 8,924,884 acres; 2023: 56,580 fires, 2,693,910 acres; 2022: 68,988 fires, 7,577,183 acres; 2021: 58,985 fires, 7,125,643 acres; 2020: 58,950 fires, 10,122,336 acres; full annual series 1983-2025 available at source.",No dollar-loss figures on this page; no solar/energy-infrastructure breakout; no breakdown by cause on this table.,https://www.nifc.gov/fire-information/statistics/wildfires,2026-07-10,"The single most commonly cited 'how big is the U.S. wildfire problem' statistic; explicitly downgraded R5 (GENERIC_ONLY) because it has zero linkage to solar assets, property value, or dollar loss."
NIFC_SUPPRESSION_COSTS,"National Interagency Fire Center — 'Suppression Costs' (federal firefighting costs, suppression only)",generic_public_loss_hazard,GENERIC_ONLY,"[""DENOMINATOR""]","[""GENERIC_ONLY""]","Background/context only — illustrates the annual scale of the federal wildfire-response budget; not usable for any solar loss normalization. A government cost outlay, not a property-loss or insured-loss figure.",EXPOSURE_DENOMINATOR,"2023: $3,166,300,000 total; 2022: $3,549,000,000; 2021: $4,389,000,000 (highest year in series); 2020: $2,274,000,000; 2019: $1,590,000,000; 5-yr avg total $2,989,051,200; 10-yr avg total $2,523,259,200.","Any property-loss or insured-loss figure; any state, facility, or asset-class breakout; any linkage to solar or any specific asset class.",https://www.nifc.gov/fire-information/statistics/suppression-costs,2026-07-10,Suppression cost and property/structure loss are fundamentally different metric families (government operating expenditure vs. asset loss) — must never be summed or conflated with CAL FIRE/NOAA property-damage figures.
CALFIRE_INCIDENT_ARCHIVE,"CAL FIRE Incident Archive (annual, by year) + 'Top 20 Most Destructive California Wildfires' table",generic_public_loss_hazard,GENERIC_ONLY,"[""DENOMINATOR""]","[""GENERIC_ONLY""]","Establishes California-specific context on fire frequency, acreage, and structure-destruction scale — a geography-matched (CA) generic denominator/context companion to national NIFC figures, since CA carries a large share of USPVDB utility solar capacity. Not usable as a solar-specific loss benchmark.",EXPOSURE_DENOMINATOR,"2025 season: 16,627 structures destroyed statewide; Camp Fire (2018): 153,336 acres, 18,804 structures, 85 deaths; Tubbs Fire (2017): 36,807 acres, 5,636 structures, 22 deaths; Dixie Fire (2021): 963,309 acres, 1,311 structures (largest acreage in top-20); Palisades Fire (Jan 2025): 5,316 structures, 20,438 acres, 8 deaths; Eaton Fire (Jan 2025): 5,000+ structures, 13,690 acres, 16 deaths.","No dollar-value property-damage figures natively on CAL FIRE incident-archive pages (structures destroyed is a count, not a $ figure); no solar/energy-infrastructure line item in the structure-count definition.",https://www.fire.ca.gov/incidents/2025,2026-07-10,"The brief's request for CAL FIRE '$ damage' could not be filled directly from CAL FIRE's own incident-archive pages — $ loss estimates for named fires (e.g., Palisades/Eaton) are sourced from insurer/reinsurer reports (see SWISSRE_SIGMA_NATCAT_2025, MUNICHRE_NATCAT_2025), not CAL FIRE directly. Gap noted rather than fabricated."
NOAA_NCEI_BILLION_DOLLAR_WILDFIRE,NOAA NCEI 'U.S. Billion-Dollar Weather and Climate Disasters' — wildfire event subset,generic_public_loss_hazard,GENERIC_ONLY,"[""DENOMINATOR"", ""EVENT_LOSS""]","[""GENERIC_ONLY""]","National-level, multi-decade wildfire economic-loss context (all-property) — useful only as a macro sanity-check anchor (e.g., is a proposed solar-specific AAL/EAL figure a plausible small fraction of total national wildfire loss), never as a direct solar benchmark.",EXPOSURE_DENOMINATOR,"17 US billion-dollar wildfire events 1980-2024, cumulative CPI-adjusted total $139.6bn; California Firestorm Summer-Fall 2018: $30.0bn CPI-adjusted (largest single event); CA/OR/WA Firestorms Fall 2020: $19.9bn; Western Wildfires 2021: $12.1bn; Hawaii Firestorm Aug 2023: $5.7bn.",No property-type breakout (residential vs. commercial vs. industrial/utility infrastructure) — cannot isolate any solar-specific share; no per-state/per-fire attribution within multi-state 'Western Wildfires' aggregate events; precise gross/net loss basis not laid out on the event table.,https://www.ncei.noaa.gov/access/billions/events/US/1980-2025,2026-07-10,"Standard reference for aggregate U.S. wildfire economic loss, frequently cited in insurance/reinsurance commentary; explicitly excludes any solar/renewable-energy-specific breakdown and mixes many states/events within 'Western Wildfires' labels for a given year — downgraded to GENERIC_ONLY / R5."
SWISSRE_SIGMA_NATCAT_2025,Swiss Re Institute sigma — 'Natural catastrophes in 2025: the persistent rise of wildfire and storm losses',generic_public_loss_reinsurer_report,GENERIC_ONLY,"[""DENOMINATOR"", ""EVENT_LOSS""]","[""GENERIC_ONLY""]","Provides the current 'state of the art' reinsurance-industry benchmark for how large a single wildfire insured-loss event can be (record $40bn) — useful only as macro context/ceiling reference, not as a solar-specific number; explicitly residential-dominated per Swiss Re's own framing.",EXPOSURE_DENOMINATOR,"California wildfires (Palisades + Eaton, Jan 2025): USD 40 billion insured losses, the largest-ever insured wildfire loss event, destroying more than 16,000 structures; global insured NatCat total 2025: USD 107 billion; secondary perils (wildfire/storm/flood) = record 92% of global insured NatCat losses in 2025.",Any asset-class breakout (residential vs. commercial vs. utility/energy infrastructure) within the $40bn LA wildfire figure — text explicitly frames the loss as concentrated in 'high-value single-family residential property'; no gross-vs-net distinction stated.,https://www.swissre.com/dam/jcr:ca29d2b4-d93e-4428-ad24-d8faf5a65ca8/natcat-2025-pr-en.pdf,2026-07-10,"Reinsurance-industry record-setting figure for wildfire, corroborated by MUNICHRE_NATCAT_2025 for the same January 2025 LA wildfire event — entirely a residential/general-property loss figure with zero solar attribution."
MUNICHRE_NATCAT_2025,Munich Re — 'Climate change presses on: Devastating wildfires and intense thunderstorms exacerbate losses for insurers' (2025 annual natural-disaster figures),generic_public_loss_reinsurer_report,GENERIC_ONLY,"[""DENOMINATOR"", ""EVENT_LOSS""]","[""GENERIC_ONLY""]","Cross-checks and corroborates the Swiss Re figure for the same January 2025 LA wildfire event; together the two reinsurer reports establish the current global ceiling/record for a single wildfire insured-loss event, for macro context only.",EXPOSURE_DENOMINATOR,"Palisades + Eaton fires (LA, Jan 2025): overall loss ~US$53 billion, of which ~US$40 billion insured — the most expensive wildfire disaster to date, 30 lives lost; global 2025 insured NatCat losses (all perils): US$108 billion, with the LA wildfires the single costliest event.",Any asset-class or peril-mechanism breakout (direct flame damage vs. smoke vs. business interruption) within the $53bn/$40bn figures; any solar or energy-infrastructure-specific line item.,https://www.munichre.com/en/company/media-relations/media-information-and-corporate-news/media-information/2026/natural-disaster-figures-2025.html,2026-07-10,"Munich Re's $53bn total-loss/$40bn insured-loss split for the same event as Swiss Re's $40bn insured-only figure shows close cross-reinsurer agreement, increasing confidence in that headline number as a market-consensus figure — but it remains entirely a residential/general-property loss figure with zero solar attribution."
