source_id,source_name,source_type,availability_tag,metric_tags,evidence_use_tags,sub_peril_family,has_open_numbers,does_not_have_open,url,retrieved,notes
GCUBE_HAIL_HIGH_WATER_2021,"GCube Insurance — ""Hail or High Water"" report (via PES Media)",renewable_claims_publication,HAS_GATED_NUMBERS,EVENT_LOSS;PCT_TIV;CLAIM_FREQUENCY_SHARE,PERIL_SHARE_CONTEXT,CONVECTIVE_BLENDED,2019 weather-related solar loss ~2400% higher than non-weather; >70% of solar losses in last 10 yrs since 2017; wind projects flood>blade (qualitative).,Isolated wind-turbine convective-wind $/MW severity; TIV denominators.,https://pes.eu.com/press-releases/gcube-report-unmodelled-extreme-weather-driving-rising-severity-and-frequency-of-renewables-insurance-claims,2026-07-10,Blended solar-heavy framing; report body gated to insureds/brokers. CONTEXT only.
GCUBE_KNOWN_UNKNOWNS_2025,"GCube Insurance — ""Known Unknowns"" report (2025, via PES/Artemis)",renewable_claims_publication,HAS_GATED_NUMBERS,EVENT_LOSS;SUBLIMIT,PERIL_SHARE_CONTEXT;MARKET_SIGNAL,CONVECTIVE_BLENDED,US Nat Cat events >$300M insured damages; sub-limits now $75M-$50M or lower.,Wind-turbine-specific convective-wind loss; per-MW normalization.,https://pes.eu.com/press-releases/nat-cat-and-extreme-weather-now-a-global-threat-to-insurability-and-bankability-of-renewables-gcube-insurance-report,2026-07-10,"Sub-limit figures are market tail-risk signals, not observed per-event losses. Report gated."
GCUBE_NA_NATCAT_2022,"GCube Insurance — North American Nat Cat Update (Oct 2022, via POWER Magazine)",renewable_claims_publication,HAS_OPEN_NUMBERS,CLAIM_FREQUENCY_SHARE;EVENT_LOSS,PERIL_SHARE_CONTEXT,CONVECTIVE_BLENDED,40 severe storms (wind/hail/tornado/derecho) vs 13 traditional windstorm events over 3 yrs; tornado losses match anticipated damages from Hurricane Hanna.,Underlying per-event loss data; wind-only isolation.,https://www.powermag.com/evolving-extreme-weather-risks-posing-unprecedented-insurance-woes-for-renewables/,2026-07-10,Tornado-heavy qualitative framing; useful frequency-shift context. Underlying data gated.
GCUBE_ONSHORE_THREATS_2017,"GCube Insurance — ""Risky Business: Assessing Future Threats in Onshore Wind"" (2017)",renewable_claims_publication,HAS_OPEN_NUMBERS,CLAIM_SEVERITY;CLAIM_FREQUENCY_SHARE;COMPONENT_CAUSE,ATTRITIONAL_BASELINE,N/A,"~3,800 blade-failure incidents/yr up to $1M each; ~1,200 gearbox failures/yr $200K-$300K each; ~50 turbine fires/yr avg $4.5M claim.",Convective-wind cat losses (these are mechanical/attritional).,https://www.windtech-international.com/industry-news/gcube-ranks-threats-to-global-onshore-wind,2026-07-10,Attritional mechanical baseline; lets the reader separate ordinary blade/gearbox losses from convective-wind cat losses. NOT a convective-wind benchmark.
GCUBE_CONSTRUCTION_2024,"GCube Insurance — ""Arrested Development"" construction claims (2024)",renewable_claims_publication,HAS_OPEN_NUMBERS,CLAIM_FREQUENCY_SHARE;EVENT_LOSS,PERIL_SHARE_CONTEXT,CONVECTIVE_BLENDED,$1B CAR/DSU claims analyzed; onshore wind+solar construction losses 48% Nat Cat/extreme weather; flooding 18% frequency / 46% cost.,Operations-phase convective-wind severity; wind-only split.,https://electricalreview.co.uk/2024/09/17/gcube-warns-of-rising-insurance-claims-as-renewables-construction-ramps-up/,2026-07-10,Construction-phase (not operations); adjacent context only.
GCUBE_US_CLAIMS_2012,"GCube Insurance — Most Common Wind Insurance Claims (2012 US data, via NAW)",renewable_claims_publication,HAS_OPEN_NUMBERS,CLAIM_SEVERITY;COMPONENT_CAUSE;CLAIM_FREQUENCY_SHARE;DENOMINATOR,ATTRITIONAL_BASELINE;DENOMINATOR_CONTEXT,N/A,"Blade dmg 41.4%, gearbox 35.1%, generators 10.2%, transformers 5.1% of loss; causes: poor maint 24.5%, lightning 23.4%, design 11.5%; avg claim: gearbox $380K, blade $240K, foundation $1.3M (up to $2.5M); GCube >$200M paid since 2008; insures ~60% of operating US wind.",Convective-wind isolation (lightning explicitly separated at 23.4%).,https://nawindpower.com/gcube-lists-most-common-wind-insurance-claims,2026-07-10,Best open attritional cause-of-loss + component avg-claim baseline; ~60% US market denominator. Lightning (23.4%) separated from wind.
INSJ_HAIL_2023,"Insurance Journal — ""Baseball-Size Hail Makes Insuring Solar and Wind Farms Pricier""",trade_press,HAS_OPEN_NUMBERS,EVENT_LOSS;PCT_TIV,PERIL_SHARE_CONTEXT;MARKET_SIGNAL,HAIL_CONTAMINATED_SCS,"Hail ~$300M losses in TX (~2x combined severe-storm+wildfire+flood at notable US wind & solar since 2020, implying ~$150M combined non-hail); TX/SE premiums up as much as 50%/yr.",Wind-only convective severity; the ~$150M is blended wind+solar+multi-peril.,https://www.insurancejournal.com/news/national/2023/08/02/733273.htm,2026-07-10,Hail-dominant; the implied ~$150M non-hail is blended across wind+solar & 3 perils. CONTEXT.
AIC_ECOFIN_WHIRLWIND_2023,AIC — Ecofin US Renewables hit by unprecedented tornado in Texas (Whirlwind Energy),investor_disclosure,HAS_GATED_NUMBERS,EVENT_LOSS;ASSET_FACTS,PRIMARY_BENCHMARK_CANDIDATE;NAMED_EVENT,TORNADO,"Whirlwind Energy wind farm, Floydada TX, 59.8 MW, over a third of $102M portfolio; 5 transmission poles damaged; force majeure with Austin Energy.",$ repair/claim amount (gated in Ecofin/RNEW filings).,https://www.theaic.co.uk/aic/news/industry-news/ecofin-us-renewables-hit-by-unprecedented-tornado-in-texas,2026-07-10,Named US tornado-on-wind-farm event with MW; $ loss gated. Pathway: Ecofin/RNEW annual report.
JUSTIA_FLAT_RIDGE_2_2014,Flat Ridge 2 Wind Energy LLC v. Underwriters at Lloyd's (2014 NY Slip Op 31804(U)),court_filing,HAS_OPEN_NUMBERS,CLAIM_SEVERITY;EVENT_LOSS;ASSET_FACTS;DEDUCTIBLE,PRIMARY_BENCHMARK_CANDIDATE;NAMED_EVENT,TORNADO,"66,000-acre farm, 204 GE WTGs, Kansas, tornado 2012-05-19; premium $1.8M; claim submitted $9,728,755.38; adjuster est >$12M; partial pmts $3.5M + $3.75M = $7.25M paid net of $250K deductible; unallocated proofs of loss $7.5M.",Nameplate MW of the damaged subset (project ~419.6MW total not in filing); per-turbine allocation.,https://cases.justia.com/new-york/other-courts/2014-2014-ny-slip-op-31804-u.pdf?ts=1405462210,2026-07-10,BEST clean open single-event tornado-on-US-wind-farm claim. $/MW normalization requires an external MW denominator (project nameplate) NOT in the filing — leave $/MW blank or derived-sensitivity only.
GALLAGHER_RE_TRANSITION_2024,"Gallagher Re — ""Insuring the Transition"" (Nov 2024)",broker_publication,HAS_OPEN_NUMBERS,EVENT_LOSS;CLAIM_FREQUENCY_SHARE,PERIL_SHARE_CONTEXT,CONVECTIVE_BLENDED,"Subsea cable 75-80% of UK offshore claims (non-CW); IEC 61400 Class T ref wind 57 m/s ~ Cat3; turbines auto-stop ~55 mph; solar SCS losses upward of $50M/event (Midwest, solar); Typhoon Yagi $920M (fenced).",Onshore convective-wind turbine severity; loss-ratio chart values gated.,https://www.ajg.com/gallagherre/-/media/files/gallagher/gallagherre/news-and-insights/2024/november/gallagherre-insuring-the-transition-risks-and-opportunities-in-renewable-energy.pdf,2026-07-10,Offshore/cable & hurricane figures fenced or non-CW; retained for auto-stop and Class-T design context.
RENEW_RISK_2025,"Renew Risk — ""From hailstorms to human error""",modeler_blog,HAS_OPEN_NUMBERS,EVENT_LOSS,PERIL_SHARE_CONTEXT,CONVECTIVE_BLENDED,US 2018-2025: tornadoes+earthquakes combined losses $45M vs hail+storms ~$415M; offshore cable ~80% of claims (non-CW).,Wind-only tornado isolation ($45M blends tornado+earthquake).,https://www.renew-risk.com/resources/blog/hailstorms-to-human-error,2026-07-10,$45M blends tornado WITH earthquake — cannot isolate tornado. Downgrade to CONTEXT.
REVIEW_ENERGY_IOWA_2024,Review-Energy.com — US onshore wind farms suffer impacts by Iowa twisters,trade_press,HAS_OPEN_NUMBERS,ASSET_FACTS;TURBINE_COUNT,NAMED_EVENT;PATHWAY,TORNADO,"17 Iowa tornadoes; 10 turbines destroyed near Greenfield; MidAmerican lost 6; 4 Vestas down; ~200,000 without power.",$ figures — pathway to MidAmerican.,https://www.review-energy.com/eolico/us-onshore-wind-farms-suffer-impacts-by-powerful-twisters-in-iowa,2026-07-10,Turbine-count-only; Greenfield 2024 event. $ gated.
WINDWATCH_VESTAS_2024,National Wind Watch — Ten Vestas turbines destroyed as tornadoes hit US wind farms,news_aggregator,HAS_OPEN_NUMBERS,ASSET_FACTS;TURBINE_COUNT,NAMED_EVENT;PATHWAY,TORNADO,Orient (MidAmerican) 5 turbines destroyed; Arbor Hill 1; Prescott (RPM Access) 4; model 2MW Vestas V110.,$ figures — pathway to MidAmerican/RPM Access.,https://www.wind-watch.org/news/2024/05/23/ten-vestas-turbines-destroyed-as-deadly-tornadoes-hit-us-wind-farms/,2026-07-10,Turbine model + count for Greenfield 2024; $ gated.
RISKINS_MUNICHRE_AKERSON_2025,"Risk & Insurance — RiskWorld Q&A with Doug Akerson, Munich Re",trade_press_interview,HAS_PATHWAY_ONLY,,MECHANISM_QUALITATIVE,STRAIGHT_LINE_WIND,None (quote): straight line wind in the form of derechos is a concern for wind farms.,Any number; full Munich Re wind-farm report not located.,https://riskandinsurance.com/riskworld-q-and-a-with-doug-akerson-munich-re/,2026-07-10,Qualitative derecho-on-wind-farm pathway; Munich Re report gated.
SWISSRE_WINDS_OF_CHANGE,Swiss Re Institute — Climate Change and Wind Power,reinsurer_research,HAS_OPEN_NUMBERS,ASSET_FACTS,MECHANISM_QUALITATIVE;DESIGN_ANCHOR,STRAIGHT_LINE_WIND,Turbines designed to withstand ~112 mph (~Cat3); Iowa/Scotland storms caused rotor detachments/collapses (qualitative); Japan typhoons fenced.,US convective-wind $/MW; full report PDF not fetched.,https://www.swissre.com/institute/research/topics-and-risk-dialogues/climate-and-natural-catastrophe-risk/climate-change-wind-power.html,2026-07-10,Design-speed anchor + qualitative SLW/tornado mentions; typhoon fenced.
FOXWX_TRAVERSE_2022,Fox Weather — Oklahoma wind turbine fire (Traverse Wind Energy Center),news_on_record,HAS_OPEN_NUMBERS,ASSET_FACTS;TURBINE_COUNT,NAMED_EVENT;CONTEXT_NOT_BENCHMARK,CONVECTIVE_BLENDED,"Traverse WEC (Custer Co OK), 356 GE turbines, one turbine down/on fire after severe thunderstorm; PSO/AEP said no other damage.",$ loss; cause (lightning vs wind) unconfirmed.,https://www.foxweather.com/weather-news/oklahoma-wind-turbine-fire,2026-07-10,Cause undetermined (lightning suspected); matches Traverse ~999MW TIV $1.3986B anchor. Downgrade — not a clean wind benchmark.
WINDWATCH_PANHANDLE_2022,National Wind Watch — Regulator ends safety case against Panhandle wind farm (Olympia/RES OK),news_aggregator,HAS_OPEN_NUMBERS,ASSET_FACTS;TURBINE_COUNT,CONTEXT_NOT_BENCHMARK,STRAIGHT_LINE_WIND,"Nine towers catastrophically failed (blades missing/nacelles burned); 120MW project, 60 towers; remediation fine $348,750.",Root cause not confirmed as convective wind (may be mechanical); $ loss.,https://www.wind-watch.org/news/2022/01/17/regulator-ends-safety-case-against-panhandle-wind-farm-operator/,2026-07-10,"9-tower failure cause NOT confirmed wind-driven — CONTEXT, not a clean benchmark."
WINDPOWERMONTHLY_INSURANCE,Windpower Monthly — Insurance: It pays to prepare for the worst,trade_press,HAS_OPEN_NUMBERS,ASSET_FACTS;DEDUCTIBLE;DENOMINATOR,NAMED_EVENT;MARKET_SIGNAL;DENOMINATOR_CONTEXT,STRAIGHT_LINE_WIND,Storm damaged majority of blades at 50MW Kumeyaay plant (CA); wind-insurance ~low single-digit % of annual costs; avg insurance $0.34->$0.07 per $100 property value; example deductible ~$500K; GCube ~60% US market; warranty $30K-$100K/yr.,$ loss for Kumeyaay event.,https://www.windpowermonthly.com/article/1032367/insurance-pays-prepare-worst,2026-07-10,Kumeyaay SLW blade-damage pathway; insurance-cost denominators. Event $ gated.
PVTECH_HAIL_58M_2023,PV-Tech — GCube: Hail claims now average ~US$58.4M per claim,trade_press,HAS_OPEN_NUMBERS,CLAIM_SEVERITY;CLAIM_FREQUENCY_SHARE,CONTEXT_NOT_BENCHMARK,HAIL_CONTAMINATED_SCS,Avg hail claim $58.4M; hail = 54% of incurred solar loss claim costs (5-yr).,Wind data (solar-only).,https://www.pv-tech.org/hail-claims-now-average-around-us58-4-million-per-claim-says-gcube-insurance/,2026-07-10,"Solar-only hail; retained as cross-check context, NOT a wind benchmark."
NEXTRACKER_WEATHER_WP,Nextracker whitepaper — Mitigating Extreme Weather Risk (citing GCube),vendor_whitepaper,HAS_OPEN_NUMBERS,CLAIM_SEVERITY;CLAIM_FREQUENCY_SHARE;EVENT_LOSS,PERIL_SHARE_CONTEXT,CONVECTIVE_BLENDED,GCube avg claim ~$1M (~500 claims/yr); weather (esp hail+wind) >80% of claims values; Midway Solar (182MW TX) $70M-$80M (solar).,Wind-specific isolation; only aggregate hail+wind 80% touches wind.,https://info.nextracker.com/hubfs/Updated_Collateral/NX%20Horizon_Risk%20Mitigation%20Whitepaper_Part%201.pdf,2026-07-10,Solar-focused; wind only in aggregate 80% figure. CONTEXT.
XWEATHER_LIGHTNING_2025,Xweather (Vaisala) — 32% more US wind turbines hit by 4+ lightning strokes in 2025,vendor_data,HAS_OPEN_NUMBERS,CLAIM_FREQUENCY_SHARE;COMPONENT_CAUSE;DENOMINATOR,ATTRITIONAL_BASELINE;DENOMINATOR_CONTEXT,N/A,"4+-stroke turbines +32.1% YoY; struck turbines +18.4%; 31.4% of >70,000 turbines struck in 2025; blade damage >$100M/yr, lightning ~60% of blade losses.",Convective-wind losses (this is lightning).,https://www.xweather.com/blog/wind-turbines-hit-by-lightning-2025,2026-07-10,Lightning baseline: sharpens how much of the blade-loss $ pool is NON-convective-wind (~60% lightning). Denominator/context.
AXIS_OFFSHORE_2026,AXIS Capital — Global Offshore Wind report (claims by cause),insurer_publication,HAS_OPEN_NUMBERS,CLAIM_FREQUENCY_SHARE;CLAIM_SEVERITY,ATTRITIONAL_BASELINE,N/A,Wind turbines 57% of incidents / 37% of incurred loss (offshore); drivetrain >2/3 of turbine damages; export cables 6% frequency but avg $18.8M/event.,Onshore convective-wind; this is offshore mechanical breakdown.,https://www.claimsjournal.com/news/national/2026/03/10/336131.htm,2026-07-10,"Offshore, mechanical — adjacent-asset baseline only. Full PDF pathway to axiscapital.com."
ARTEMIS_DESCARTES_PARAM_2026,Artemis.bm — Descartes/Nextpower parametric wind coverage for solar plants,trade_press,HAS_OPEN_NUMBERS,SUBLIMIT,MARKET_SIGNAL,STRAIGHT_LINE_WIND,New SLW parametric product limits up to $80M globally / $100M US per policy.,Any observed loss (product-design signal).,https://www.artemis.bm/news/descartes-partners-with-nextpower-to-launch-parametric-wind-coverage-for-solar-plants/,2026-07-10,"Market-priced max exposure signal, not an observed loss. MARKET_SIGNAL."
CRESTON_MIDAM_DERECHO_2020,"Creston News Advertiser — Cause of fallen turbine blade near Stuart (MidAmerican, 2020 derecho)",news_on_record,HAS_OPEN_NUMBERS,ASSET_FACTS;EVENT_LOSS,NEGATIVE_FINDING;NAMED_EVENT,STRAIGHT_LINE_WIND,"Operator quote: ""did not sustain any significant wind farm damage from the recent derecho"" (peak gust 126mph measured/140 est). Unrelated Sept/Oct 2020 blade failures attributed to LIGHTNING, not wind; 46 turbines paused for inspection.",A positive convective-wind loss (this is a MEASURED near-zero).,https://www.crestonnews.com/2020/09/21/cause-of-fallen-wind-turbine-blade-near-stuart-under-investigation/anzel9q/,2026-07-10,CRITICAL NEGATIVE BENCHMARK: a major derecho (126mph gust) produced no significant wind-farm damage — anchors the low end of the straight-line-wind range and confirms design robustness below Ve50.
SRC_RMS_SCS_NA,Moody's RMS — North America Severe Convective Storm Model (legacy),cat_model_vendor,HAS_GATED_NUMBERS,AAL,CAT_MODEL_PATHWAY;PERIL_SHARE_CONTEXT,CONVECTIVE_BLENDED,Product page AAL headline (hail-dominant industry AAL); sub-peril split gated.,Wind-turbine-specific SCS vulnerability curve; open sub-peril AAL split.,https://www.rms.com/models/severe-convective-storm/north-america/tbd,2026-07-10,Hail-dominant blended SCS product; wind-turbine occupancy gated. Pathway.
SRC_MOODYS_RMS_SCS_HD,Moody's RMS — North America SCS HD Models (Dec 2025),cat_model_vendor,HAS_GATED_NUMBERS,,CAT_MODEL_PATHWAY,CONVECTIVE_BLENDED,Methodology description only (claims-calibrated vulnerability); no AAL/PML disclosed.,Any AAL/PML; wind-turbine curve.,https://www.moodys.com/web/en/us/insights/insurance/introducing-moodys-rms-north-america-severe-convective-storm-hd-models.html,2026-07-10,Fully gated licensed model. Methodology open. Pathway.
SRC_MOODYS_RMS_HD_ARTICLE,actuary.info — Moody's RMS HD Models Redraw the SCS Cat Budget,trade_press,HAS_OPEN_NUMBERS,,CAT_MODEL_PATHWAY,CONVECTIVE_BLENDED,Model architecture description (secondary-peril cat-budget framing).,Quantified wind-turbine SCS loss.,https://actuary.info/insights/moodys-rms-scs-hd-models-secondary-peril-cat-budget,2026-07-10,Trade-press secondary source describing the HD model. Context.
SRC_VERISK_AIR_STM,Verisk (AIR) — Severe Thunderstorm Model for the US (2025 brochure),cat_model_vendor,HAS_GATED_NUMBERS,CLAIM_SEVERITY,CAT_MODEL_PATHWAY,CONVECTIVE_BLENDED,Claims-validation totals + specialty-risk scope; hail/tornado/SLW internal split not open.,Open AAL sub-peril split; wind-turbine curve.,https://www.verisk.com/49bc40/siteassets/media/downloads/catastrophe-and-risk-solutions/verisk-severe-thunderstorm-model-for-the-united-states.pdf,2026-07-10,Financial module gated; brochure open. Pathway.
SRC_VERISK_BLOG_2026,"Verisk — Severe Thunderstorms: A Frequency, Accumulation, and Volatility Peril (2026)",cat_model_vendor,HAS_OPEN_NUMBERS,CLAIM_SEVERITY,CAT_MODEL_PATHWAY;PERIL_SHARE_CONTEXT,CONVECTIVE_BLENDED,Claims-validation totals; catalog description; SCS framed as frequency/accumulation peril.,Wind-turbine occupancy vulnerability.,https://www.verisk.com/blog/severe-thunderstorms-a-frequency-accumulation-and-volatility-peril/,2026-07-10,Blog; open framing of SCS as attritional-accumulation peril. Context.
SRC_COREL_SCS_DATASHEET,CoreLogic (Cotality) — U.S. SCS Model Datasheet 2025,cat_model_vendor,HAS_GATED_NUMBERS,,CAT_MODEL_PATHWAY,CONVECTIVE_BLENDED,Model design description only.,AAL/PML; wind-turbine curve.,https://pages.corelogic.com/hubfs/CoreLogic%20NA/Website%20PDF%20Files/INS/SCS%20Model%20Datasheet%202025%20-%20RAA%20Update.pdf,2026-07-10,"Datasheet open, no loss numbers. Pathway."
SRC_KATRISK_SCS,KatRisk — Severe Convective Storm Risk Modeling,cat_model_vendor,HAS_OPEN_NUMBERS,RETURN_PERIOD_HAZARD,CAT_MODEL_PATHWAY;HAZARD_ANCHOR,TORNADO,"Return-period wind-speed validation methodology + one worked tornado/SLW example (hazard, not loss).",Loss AAL/PML; wind-turbine damage function.,https://www.katrisk.com/severe-convective-storm-risk-modeling/,2026-07-10,Hazard-side return-period validation; no loss. Pathway/hazard anchor.
SRC_SWISSRE_SIGMA_NATCAT,Swiss Re Institute — sigma Natural Catastrophes (No 1/2025),reinsurer_research,HAS_OPEN_NUMBERS,EVENT_LOSS;ANNUAL_AGGREGATE,PERIL_SHARE_CONTEXT;INDUSTRY_AGGREGATE,CONVECTIVE_BLENDED,SCS annual aggregate insured losses (hail-dominant per Swiss Re); realized single-year totals.,Wind-turbine share; AAL/EP curve; per-MW.,https://www.swissre.com/dam/jcr:46617c8b-98a4-4d54-b259-f4bdcbaab0b8/sri-sigma-natural-catastrophes-1-2025.pdf,2026-07-10,Realized annual industry aggregate (NOT AAL). Hail-dominant SCS group. Context macro-denominator.
SRC_MUNICHRE_NATCATSERVICE,Munich Re — NatCatSERVICE (Hail/Tornadoes/Flash Floods + 2025 factsheet),reinsurer_research,HAS_OPEN_NUMBERS,EVENT_LOSS;ANNUAL_AGGREGATE,PERIL_SHARE_CONTEXT;INDUSTRY_AGGREGATE,CONVECTIVE_BLENDED,Realized SCS event + annual totals; Mar 2025 US outbreak >100 tornadoes (few EF4).,Wind-turbine isolation; modeled EP curve.,https://www.munichre.com/en/risks/natural-disasters/thunderstorms-hail-tornados.html,2026-07-10,Realized industry totals (overall + insured). One tornado-heavy named outbreak. Macro-denominator context.
SRC_AON_CATINSIGHT_2026,Aon — 2026 Climate and Catastrophe Insight (covering 2025),broker_publication,HAS_OPEN_NUMBERS,EVENT_LOSS;ANNUAL_AGGREGATE,PERIL_SHARE_CONTEXT;INDUSTRY_AGGREGATE,CONVECTIVE_BLENDED,Realized annual SCS insured/economic loss; SCS framed as costliest insured peril of the 21st century.,Wind-turbine share; per-MW.,https://www.aon.com/en/insights/reports/climate-and-catastrophe-report,2026-07-10,Realized industry aggregate. Macro-denominator context; NOT a wind-asset benchmark.
SRC_ASCE7_22_WIND_MAPS,ASCE/SEI 7-22 Ch.26 Basic Wind Speed maps + ASCE 7 Hazard Tool,engineering_standard,HAS_OPEN_NUMBERS,DESIGN_HAZARD_INTENSITY,HAZARD_ANCHOR,STRAIGHT_LINE_WIND,Basic wind speed (3-s gust mph) by MRI (300/700/1700/3000-yr) via free hazard tool.,Any loss/DR; this is a hazard-intensity surface only.,https://asce7hazardtool.online/,2026-07-10,"ENGINEERED_HAZARD_ANCHOR: supplies the [W] x-axis intensity, NOT a loss metric. Aligns with the cell's V_3s_hub axis."
SRC_ASCE7_22_TORNADO_MAPS,ASCE/SEI 7-22 Ch.32 tornado hazard maps + NIST TN 2214,engineering_standard,HAS_OPEN_NUMBERS,DESIGN_HAZARD_INTENSITY,HAZARD_ANCHOR,TORNADO,Design tornado speed (3-s gust mph) by MRI x effective plan area Ae.,Any loss/DR; hazard-intensity only.,https://nvlpubs.nist.gov/nistpubs/TechnicalNotes/NIST.TN.2214.pdf,2026-07-10,"ENGINEERED_HAZARD_ANCHOR [T]: tornado design-speed surface, area-dependent. Not a loss metric."
SRC_FEMA_NRI_TORNADO_WIND,FEMA National Risk Index v1.20 — Tornado & Strong Wind hazards,government_dataset,HAS_OPEN_NUMBERS,AAL,AAL_PATHWAY;PERIL_SHARE_CONTEXT,TORNADO,Separate Tornado & Strong Wind Expected Annual Loss (county/tract); e.g. Atlanta 11-county: Tornado EAL $146.6M vs Strong Wind EAL $5.35M.,Wind-turbine occupancy (building/pop/ag exposure only); insured claims.,https://hazards.fema.gov/nri/determining-risk,2026-07-10,"CRITICAL: FEMA NRI keeps Tornado and Strong Wind as SEPARATE hazard layers — the same [T]/[W] split this pair uses. Building/pop/ag denominators, NOT turbine TIV. AAL family."
SRC_MOODYS_RMS_RENEWABLES_IFM,Moody's RMS — Managing risk/cat modeling for renewables (Industrial Facilities Model),cat_model_vendor,HAS_GATED_NUMBERS,,CAT_MODEL_PATHWAY;MECHANISM_QUALITATIVE,STRAIGHT_LINE_WIND,Component-based vulnerability-curve construction methodology (qualitative); hurricane-specific quote fenced.,AAL/PML; open wind-turbine DR curve.,https://www.moodys.com/web/en/us/insights/insurance/managing-risk-and-catastrophe-modeling-for-the-growing-renewables-sector.html,2026-07-10,Confirms cat modelers use component/failure-unit vulnerability grain for turbines (methodology parallel to the canonical cell). Gated.
SRC_BOUCHARD_ROMANIC_2023,Bouchard & Romanic (2023) — Monte Carlo modeling of tornado hazard to wind turbines in Germany,peer_reviewed,HAS_OPEN_NUMBERS,EVENT_LOSS;AAL;RETURN_PERIOD_LOSS;FRAGILITY_CURVE,MECHANISM_ANALOG;FRAGILITY_ANALOG,TORNADO,"Logistic vulnerability curve v_m=49.1 m/s, k=0.504; DOD collapse threshold ~58 m/s; replacement 1,250 EUR/kW; AGG/OCC annual-loss stats flatten ~EUR25M; per-turbine direct-hit prob by F-cat.","A US-specific number; claims calibration (engineering model, German turbines).",https://pmc.ncbi.nlm.nih.gov/articles/PMC9910775/,2026-07-10,BEST peer-reviewed tornado-on-turbine fragility analog. Curve SHAPE/methodology + EUR/kW replacement basis; NOT a US plug-in number. German geography.
SRC_MOODYS_PML_USWIND_TREND,Moody's — PML dollar exposure for US wind increased 58% (Jun 2025),rating_agency_research,HAS_OPEN_NUMBERS,PML,CONTEXT_NOT_BENCHMARK;QUARANTINE,HURRICANE_TC,US wind PML (1-in-250-yr industry aggregate) up 58% over hard market (trend/CAGR).,Ground-up wind-turbine asset loss; SCS isolation.,"https://www.tradingview.com/news/reuters.com,2025:newsml_L6N3S70JS:0-pml-dollar-exposure-for-us-wind-increased-58-over-hard-market-moody-s/",2026-07-10,"QUARANTINE: ""US wind PML"" is the reinsurance property-cat wind PML, HURRICANE_TC-dominated — NOT onshore-turbine convective-wind. CONTEXT_NOT_BENCHMARK."
R3_NASA_GREENFIELD_EO,NASA Earth Observatory — Tornado Damage in Greenfield,government_forensic,HAS_OPEN_NUMBERS,ASSET_FACTS;DESIGN_HAZARD_INTENSITY,NAMED_EVENT;MECHANISM_QUALITATIVE,TORNADO,Greenfield IA EF4 2024-05-21; turbine collapses; satellite-confirmed damage swath.,Turbine-specific $ loss.,https://science.nasa.gov/earth/earth-observatory/tornado-damage-in-greenfield-152870/,2026-07-10,Greenfield primary tornado anchor; forensic imagery. $ gated (whole-event $31.8M is residential-dominated).
R3_NWS_DMX_EVENTSUM,NOAA/NWS Des Moines — Event Summary May 21 2024,government_forensic,HAS_OPEN_NUMBERS,DESIGN_HAZARD_INTENSITY,NAMED_EVENT;HAZARD_ANCHOR,TORNADO,Greenfield EF4 185mph official 3-s gust; storm survey.,Turbine-specific $; hub-height wind reconstruction.,https://www.weather.gov/dmx/2024-May-21-Iowa-TornadoesWindsFlooding,2026-07-10,Official EF/gust for Greenfield. Hazard anchor for [T].
R3_WIKI_GREENFIELD,Wikipedia (NWS/NCEI-sourced) — Greenfield tornado,encyclopedic,HAS_OPEN_NUMBERS,EVENT_LOSS;DESIGN_HAZARD_INTENSITY,NAMED_EVENT;CONTEXT_NOT_BENCHMARK,TORNADO,Greenfield EF4; DOW radar 309-318 mph; whole-event damage $31.8M.,Turbine-only $ ( $31.8M is residential-dominated).,https://en.wikipedia.org/wiki/Greenfield_tornado,2026-07-10,DOW radar peak + whole-event $ (residential-dominated). Turbine $ not isolable. CONTEXT.
R3_WELLNEWS_IAWIND,The Well News — Tornado Outbreak Takes Down Wind Turbines in Iowa,news,HAS_OPEN_NUMBERS,TURBINE_COUNT;ASSET_FACTS,NAMED_EVENT;PATHWAY,TORNADO,Turbine-count reporting for Greenfield/Orient.,$ loss.,https://www.thewellnews.com/in-the-news/tornado-outbreak-takes-down-massive-wind-turbines-in-iowa/,2026-07-10,Corroborating turbine-count source for Greenfield. $ gated.
R3_KFOX_MIDAM6,KFOX/KGAN (AP) — PHOTOS: Wind turbine damage from Greenfield/Orient,news,HAS_OPEN_NUMBERS,TURBINE_COUNT;ASSET_FACTS,NAMED_EVENT;PATHWAY,TORNADO,MidAmerican Orient wind farm turbine damage; operator called it unprecedented.,$ loss.,https://kfoxtv.com/news/nation-world/photos-wind-turbine-damage-from-powerful-tornado-unprecedented-greenfield-iowa-midamerican-energy-company-orient-wind-farm-southwest-iowa-incredible-tornado-video-ever-captured,2026-07-10,Photo forensic + operator quote. $ gated.
R3_EENEWS_TWISTERS,E&E News (POLITICO) — Can tornadoes topple wind turbines? Fact-checking 'Twisters',news_analysis,HAS_OPEN_NUMBERS,ASSET_FACTS,MECHANISM_QUALITATIVE;DENOMINATOR_CONTEXT,TORNADO,Rarity framing: direct tornado hits on turbines are low-probability given small turbine footprint vs tornado path.,$ loss; exposure fraction number.,https://www.eenews.net/articles/can-tornadoes-topple-wind-turbines-fact-checking-twisters/,2026-07-10,Supports the cell's low tornado exposure fraction (0.1 core) narrative. Context.
R3_EPRI_TCTORNADO,EPRI — Tropical Cyclone and Tornado Risks to Wind Turbines,industry_research,HAS_OPEN_NUMBERS,ASSET_FACTS;FRAGILITY_CURVE;DESIGN_HAZARD_INTENSITY,MECHANISM_ANALOG;NAMED_EVENT;HAZARD_ANCHOR,TORNADO,Harper Co KS 2012 EF3: blades removed from several turbines; IEC Ve50 table (matches canonical cell). TC section quarantined.,Turbine-specific $; full methodology gated.,https://restservice.epri.com/publicdownload/000000003002004460/0/Product,2026-07-10,EPRI IEC Ve50 table matches the canonical cell EXACTLY. Harper Co KS tornado case (blades removed). TC portion quarantined to wind_hurricane.
R3_NOAA_NCEI_BENTON,NOAA NCEI Storm Events — Benton/Fowler IN 2023-03-31 EF2,government_forensic,HAS_OPEN_NUMBERS,ASSET_FACTS;DESIGN_HAZARD_INTENSITY,NAMED_EVENT;MECHANISM_QUALITATIVE,TORNADO,Turbine snapped ~halfway up (TOWER); blades thrown 600 yd; EF2 (111-135 mph band).,Turbine $ loss.,https://www.ncei.noaa.gov/stormevents/eventdetails.jsp?id=1085924,2026-07-10,Clean tower-failure-at-EF2 forensic — informs D50 shape (tower failure well below Ve50 under tornado). $ gated.
R3_FOXWX_TRAVERSE,"Fox Weather — Oklahoma turbine fire (Traverse WEC, forensic angle)",news,HAS_OPEN_NUMBERS,ASSET_FACTS,CONTEXT_NOT_BENCHMARK,CONVECTIVE_BLENDED,One Traverse turbine down/fire after thunderstorm; cause undetermined.,$ loss; confirmed convective-wind cause.,https://www.foxweather.com/weather-news/oklahoma-wind-turbine-fire,2026-07-10,Duplicate-angle of Traverse; cause unresolved (lightning suspected). Downgrade.
R3_BHAM_TOWERCOLLAPSE,Univ. of Birmingham — Wind Turbine Tower Collapse Cases: A Historical Overview,peer_reviewed,HAS_OPEN_NUMBERS,ASSET_FACTS;FRAGILITY_CURVE,MECHANISM_ANALOG,STRAIGHT_LINE_WIND,Catalog of tower-collapse cases (storm-tagged); typhoon cases quarantined.,US per-MW $; claims data.,https://pure-oai.bham.ac.uk/ws/files/48895024/6._Cases_review_paper_06_Rev_3.pdf,2026-07-10,Tower-collapse mechanism catalog; supports WT_TOWER_STRUCT failure mode. Typhoon cases fenced.
R3_COPERNICUS_KYRILL,Copernicus (ADGEO) — Storm Kyrill and mid-Jan 2007 storms,peer_reviewed,HAS_OPEN_NUMBERS,EVENT_LOSS;DESIGN_HAZARD_INTENSITY,MECHANISM_ANALOG;CONTEXT_NOT_BENCHMARK,STRAIGHT_LINE_WIND,European windstorm (synoptic) loss context; gust fields.,US onshore turbine $; convective (vs synoptic) isolation.,https://adgeo.copernicus.org/articles/58/135/2023/adgeo-58-135-2023.pdf,2026-07-10,European SYNOPTIC windstorm (not convective/derecho); geography+peril mismatch. Context for straight-line wind mechanism only.
R3_PSE_NATHAZREVIEW,PSE Community — Review of Natural Hazard Risks for Wind Farms,peer_reviewed_preprint,HAS_OPEN_NUMBERS,ASSET_FACTS;FRAGILITY_CURVE,MECHANISM_ANALOG,STRAIGHT_LINE_WIND,Wyoming/PA/Sweden SLW cases; typhoon cases quarantined.,US per-MW $.,https://psecommunity.org/wp-content/plugins/wpor/includes/file/2302/LAPSE-2023.3475-1v1.pdf,2026-07-10,Mostly typhoon (fenced) + some SLW cases. Mechanism review. Typhoon cases quarantined.
R3_WIKISOURCE_NWSFINAL,Wikisource — 2024 Greenfield Tornado Finalized Report (NWS DMX),government_forensic,HAS_OPEN_NUMBERS,DESIGN_HAZARD_INTENSITY;ASSET_FACTS,NAMED_EVENT;HAZARD_ANCHOR,TORNADO,Finalized NWS survey: Greenfield EF4 185mph.,Turbine $.,https://en.wikisource.org/wiki/Page:2024_Greenfield_Tornado_Finalized_Report.pdf/4,2026-07-10,Primary NWS finalized survey (hosted). Hazard anchor.
R3_YT_FORENSIC_GREENFIELD,Independent forensic YouTube — Greenfield IA EF4 damage analysis,independent_forensic,HAS_GATED_NUMBERS,DESIGN_HAZARD_INTENSITY,MECHANISM_QUALITATIVE,TORNADO,Engineering-estimated turbine failure threshold ~170 mph (FEA-video narration).,Peer-reviewed number; $ loss.,https://www.youtube.com/watch?v=sPUOFn8IYP8,2026-07-10,"Independent FEA-style estimate (~170mph failure); narration-gated, not primary. Low confidence."
R3_FOXWX_EFCLUE,Fox Weather — Damaged turbines as EF clue (Tim Marshall interview),news_interview,HAS_OPEN_NUMBERS,DESIGN_HAZARD_INTENSITY,MECHANISM_QUALITATIVE,TORNADO,Marshall estimate: Greenfield turbine failure at 120-140 mph.,$ loss.,https://www.foxweather.com/weather-news/wind-turbine-tornado-damage-enhanced-fujita-scale-measurements,2026-07-10,Expert (Tim Marshall) estimated turbine failure threshold 120-140mph — informs tornado D50 shift plausibility. Not a $ benchmark.
R3_ENGFAILANAL_ASLAM,Engineering Failure Analysis (Aslam) — Tornado-Induced Wind Turbine Failure (Greenfield FEA),peer_reviewed,HAS_GATED_NUMBERS,FRAGILITY_CURVE;DESIGN_HAZARD_INTENSITY,MECHANISM_ANALOG;FRAGILITY_ANALOG,TORNADO,Abstract: localized inelastic buckling failure mode confirmed by FEA (Greenfield).,Full paper paywalled; $ loss; full fragility ordinates.,https://www.linkedin.com/posts/usamaaslam98_phdresearch-windenergy-structuralengineering-activity-7407242669132804097-47eJ,2026-07-10,Peer-reviewed FEA confirming tower buckling mechanism for Greenfield — directly supports WT_TOWER_STRUCT. Full paper GATED (pathway: journal).
R3_MIDAM_DERECHO2020,"MidAmerican Energy — Derecho 2020, a storm like no other",operator_disclosure,HAS_OPEN_NUMBERS,EVENT_LOSS,NEGATIVE_FINDING,STRAIGHT_LINE_WIND,Operator narrative confirming no significant wind-farm damage from the 2020 derecho.,Turbine-specific $/count.,https://www.midamericanenergy.com/articles/customer-news-derecho2020-stormresponse,2026-07-10,Corroborates the near-zero derecho damage negative finding. Low-end anchor context.
R3_CRESTON_ARBORHILLS,"Creston News — Fallen turbine blade near Stuart (Arbor Hills, forensic angle)",news_on_record,HAS_OPEN_NUMBERS,ASSET_FACTS,CONTEXT_NOT_BENCHMARK;NEGATIVE_FINDING,STRAIGHT_LINE_WIND,Blade failures attributed to LIGHTNING (not wind) despite temporal proximity to the derecho.,A wind-caused loss.,https://www.crestonnews.com/2020/09/21/cause-of-fallen-wind-turbine-blade-near-stuart-under-investigation/anzel9q/,2026-07-10,"Forensic-angle duplicate: attributes the blade loss to lightning, reinforcing that the 2020 derecho did NOT cause the failures. Negative finding / attribution guard."
SRC_IEC_61400_1,IEC 61400-1 — Wind turbine design requirements (Part 1),engineering_standard,HAS_OPEN_NUMBERS,DESIGN_HAZARD_INTENSITY;FRAGILITY_CURVE,DESIGN_ANCHOR;HAZARD_ANCHOR,N/A,"IEC class table: Class I Vref 50 m/s, II 42.5, III 37.5; Ve50=1.4*Vref extreme 50-yr gust.",Loss/DR; $ severity.,https://www.iec.ch/,2026-07-10,THE design anchor for the cell's V/Ve50 x-axis. Ve50 class table matches the canonical artifact iec_speed_table. Mechanism/axis only.
SRC_DTU_WASP_IEC,DTU Wind Energy (WAsP) — IEC 61400-1 turbine safety standard explainer,academic_explainer,HAS_OPEN_NUMBERS,DESIGN_HAZARD_INTENSITY,DESIGN_ANCHOR,N/A,"Class/load-case framing, extreme wind model, gusts, turbulence, site assessment.",Loss/DR.,https://wasp.dtu.dk/software/windfarm-assessment-tool/iec-61400-1,2026-07-10,Cell source SRC_DTU_IEC. Axis-bridge anchor. Mechanism only.
SRC_NIST_FRAGILITY_MATRIX,"NIST — Fragility curves, damage matrices & wind-induced loss estimation",government_engineering,HAS_OPEN_NUMBERS,FRAGILITY_CURVE,FRAGILITY_ANALOG;DESIGN_ANCHOR,N/A,Ellingwood/Rosowsky fragility-curve + damage-matrix methodology (illustrative $ not turbine-specific).,Turbine-specific ordinates; $ severity.,https://www.nist.gov/,2026-07-10,Cell source NIST_FRAGILITY_METHOD — the methodological basis for the logistic fragility form and max_DR caps. Method only.
SRC_RICE_DUENAS_OSORIO_ACCEL,Rice University (Dueñas-Osorio) — Long-term unavailability of wind turbines from wind-induced accelerations,academic,HAS_OPEN_NUMBERS,FRAGILITY_CURVE,FRAGILITY_ANALOG;MECHANISM_ANALOG,N/A,"Acceleration thresholds 10/15/20 m/s2; cut-out 25 m/s; P(exceed) 64/48/37%; annual unavailability W.Texas 47%, N.Ireland 49%.","Structural $ severity (this is availability/acceleration, the secondary open-seam pathway).",https://www.rice.edu/,2026-07-10,"Cell source SRC_RICE_ACCEL — basis for WT_POWER_ELEC_ACCEL secondary acceleration-sensitive open-seam curve. Availability, not $ loss."
SRC_DUENAS_OSORIO_BASU_2008,"Dueñas-Osorio & Basu (2008, Engineering Structures) — Unavailability from wind-induced accelerations",peer_reviewed,HAS_GATED_NUMBERS,FRAGILITY_CURVE,FRAGILITY_ANALOG,N/A,Abstract-level acceleration/unavailability numbers (via Rice page).,Full paper paywalled; $ severity.,https://doi.org/10.1016/j.engstruct.2007.09.005,2026-07-10,Primary source behind the Rice acceleration curve. Full paper gated.
SRC_STEEL_CONCRETE_TOWER_FRAGILITY,Fragility analysis of steel and concrete wind turbine towers (open-access preprint),peer_reviewed_preprint,HAS_OPEN_NUMBERS,FRAGILITY_CURVE,FRAGILITY_ANALOG;MECHANISM_ANALOG,N/A,Tower fragility curves (steel vs concrete) vs wind demand.,US claims; $ severity per MW.,https://scispace.com/,2026-07-10,Tower fragility form support for WT_TOWER_STRUCT. Curve shape analog only.
SRC_ROUECHE_2017_TORNADO_FRAGILITY,"Roueche, Lombardo, Prevatt (2017) — Empirical Tornado Fragility of Residential Structures",peer_reviewed,HAS_GATED_NUMBERS,FRAGILITY_CURVE;DESIGN_HAZARD_INTENSITY,FRAGILITY_ANALOG,TORNADO,Abstract: EF/DOD-to-speed mapping method (residential).,Turbine fragility; full DOD1-DOD9 table (ASCE paywall).,https://ascelibrary.org/doi/10.1061/%28ASCE%29ST.1943-541X.0001854,2026-07-10,Residential (not turbine); imported only for the EF/DOD->speed mapping that underlies tornado hazard bridging. Full table gated.
SRC_WINDPOWERENGINEERING_BLADE_FAILURE,Windpower Engineering & Development — What researchers learned from fractured blades,trade_press,HAS_OPEN_NUMBERS,COMPONENT_CAUSE,MECHANISM_QUALITATIVE,N/A,Qualitative blade failure-mode taxonomy.,Loss/DR; $ severity.,https://www.windpowerengineering.com/,2026-07-10,Blade failure-mode taxonomy for WT_BLADE_STRUCT. Mechanism only.
SRC_DTU_BLADE_FAILURE_REVIEW,DTU Wind Energy — Root Causes and Mechanisms of Failure of Wind Turbine Blades,academic,HAS_GATED_NUMBERS,COMPONENT_CAUSE,MECHANISM_QUALITATIVE,N/A,Abstract-level blade failure mechanisms.,Full paper gated; $ severity.,https://orbit.dtu.dk/,2026-07-10,Blade mechanism review. Abstract open; full paper gated.
SRC_HAZUS_WIND_PHYSRISK,FEMA HAZUS — Hurricane Model wind damage functions (via physrisk/Oasis-LMF),government_model,HAS_OPEN_NUMBERS,FRAGILITY_CURVE,DOWNGRADED_GENERIC,HURRICANE_TC,Hazus 6.1 hurricane damage functions (generic building occupancies).,Wind-turbine occupancy; convective-wind (hurricane-coded).,https://github.com/os-climate/physrisk,2026-07-10,"DOWNGRADED: generic BUILDING damage functions, hurricane-coded — NOT a turbine curve and hurricane-fenced. Method context only."
SRC_HAZUS_TECH_MANUAL,FEMA/NIBS — Hazus Hurricane Model Technical Manual,government_model,HAS_GATED_NUMBERS,FRAGILITY_CURVE,DOWNGRADED_GENERIC,HURRICANE_TC,Structure of the hurricane damage functions described.,Full manual gated (large PDF); turbine occupancy.,https://www.fema.gov/flood-maps/products-tools/hazus,2026-07-10,DOWNGRADED generic building; hurricane-coded and fenced. Context.
SRC_GAR13_WIND_VULN,GAR13 (Yamin et al. 2014) — Seismic & wind vulnerability for GAR-13 global exposure,government_model,HAS_GATED_NUMBERS,FRAGILITY_CURVE,DOWNGRADED_GENERIC,CONVECTIVE_BLENDED,Wind vulnerability methodology formulas (generic building classes).,Turbine curve; building-class tables gated.,https://www.preventionweb.net/english/hyogo/gar/2013/en/home/,2026-07-10,DOWNGRADED generic global building vulnerability. Method context; not a turbine benchmark.
SRC_USGS_USWTDB_VIEWER,USGS/ACP/LBNL — U.S. Wind Turbine Database (USWTDB) Viewer,government_dataset,HAS_OPEN_NUMBERS,EXPOSURE;DENOMINATOR,DENOMINATOR_CONTEXT;EXPOSURE_BASIS,N/A,"Per-turbine location, capacity (MW), model, hub height, rotor diameter for ~all US turbines.",Loss/$; TIV per turbine.,https://eerscmap.usgs.gov/uswtdb/viewer/,2026-07-10,THE exposure denominator: turbine locations + nameplate MW nationwide. Enables exposure-fraction and per-MW normalization denominators.
SRC_LBNL_USWTDB_V8_MEMO,LBNL — US Wind Turbine Database V8.0 update memo,government_dataset,HAS_OPEN_NUMBERS,EXPOSURE;DENOMINATOR,DENOMINATOR_CONTEXT;EXPOSURE_BASIS,N/A,USWTDB v8.0 turbine counts/capacity update.,Loss/$.,https://emp.lbl.gov/,2026-07-10,USWTDB versioning/denominator update. Exposure basis.
SRC_NREL_CWER_2024,NREL — Cost of Wind Energy Review: 2024 Edition,government_dataset,HAS_OPEN_NUMBERS,EXPOSURE;VALUE_LADDER;DENOMINATOR,VALUE_BASIS;DENOMINATOR_CONTEXT,N/A,"Land-based wind CapEx $1,091/kW turbine + $582/kW BOS = ~$1,673/kW installed; module splits (rotor $337, nacelle $477, tower $276). Underlies value ladder installed $1,968,000/MW, physical $1,623,000/MW.",Loss/$ severity.,https://www.nrel.gov/docs/fy25osti/91775.pdf,2026-07-10,"THE VALUE LADDER source. NREL CWER 2024 CapEx breakdown underlies the canonical $/MW value bases and per-failure-unit shares. Denominator/value basis, NOT a loss benchmark."
SRC_LBNL_LANDBASED_WIND_2023,DOE/LBNL — Land-Based Wind Market Report: 2023 Edition,government_dataset,HAS_OPEN_NUMBERS,EXPOSURE;DENOMINATOR,DENOMINATOR_CONTEXT;EXPOSURE_BASIS,N/A,"US fleet capacity, turbine size trends, capacity factors.",Loss/$.,https://emp.lbl.gov/wind-technologies-market-report,2026-07-10,"Fleet exposure denominators (capacity, turbine size). Exposure basis."
SRC_LBNL_LANDBASED_WIND_2024,DOE/LBNL — Land-Based Wind Market Report: 2024 Edition,government_dataset,HAS_GATED_NUMBERS,EXPOSURE;DENOMINATOR,DENOMINATOR_CONTEXT;EXPOSURE_BASIS,N/A,2024-vintage capacity/turbine-size figures (via NREL ATB/secondary).,Full 2024 PDF not directly opened; loss/$.,https://emp.lbl.gov/wind-technologies-market-report,2026-07-10,2024 fleet update; captured via secondary. Exposure basis. Full PDF pathway.
SRC_ACP_MARKET_REPORT,American Clean Power (ACP) — Clean Power Quarterly Market Report,industry_dataset,HAS_OPEN_NUMBERS,EXPOSURE;DENOMINATOR,DENOMINATOR_CONTEXT;EXPOSURE_BASIS,N/A,"Operating US wind capacity, project pipeline (Q2 2025-Q1 2026).",Loss/$.,https://cleanpower.org/resources/,2026-07-10,Current fleet capacity denominator. Exposure basis.
SRC_NREL_ATB_LANDBASED,NREL Annual Technology Baseline — Land-Based Wind (ATB 2024),government_dataset,HAS_OPEN_NUMBERS,VALUE_LADDER;DENOMINATOR,VALUE_BASIS;DENOMINATOR_CONTEXT,N/A,CapEx/OpEx baseline by year; corroborates CWER value ladder.,Loss/$.,https://atb.nrel.gov/electricity/2024/land-based_wind,2026-07-10,Corroborating value-basis source for the $/MW ladder. Denominator/value basis.
